year    mon     day     Temp
    1979       1       1   288.2
    1979       1       2   285.5
    1979       1       3   283.4
    1979       1       4   288.2
    1979       1       5   286.8
    1979       1       6   287.2
    1979       1       7   287.3
    1979       1       8   288.9
    1979       1       9   285.9
    1979       1      10   283.6
    1979       1      11   286.7
    1979       1      12   287.8
    1979       1      13   286.5
    1979       1      14   284.3
    1979       1      15     284
    1979       1      16   283.1
    1979       1      17   282.7
    1979       1      18   287.2
    1979       1      19   290.4
    1979       1      20   286.7
    1979       1      21   286.4
    1979       1      22   288.4
    1979       1      23   286.5
    1979       1      24     286
    1979       1      25     287
    1979       1      26   286.8
    1979       1      27     290
    1979       1      28   289.3
    1979       1      29   283.7
    1979       1      30   284.4
    1979       1      31   283.8
    1979       2       1   285.9
    1979       2       2   289.1
    1979       2       3   288.2
    1979       2       4   287.8
    1979       2       5   290.3
    1979       2       6   289.6
    1979       2       7   289.9
    1979       2       8   289.7
    1979       2       9   291.8
    1979       2      10   291.6
    1979       2      11   289.2
    1979       2      12   286.1
    1979       2      13   287.1
    1979       2      14     286
    1979       2      15   284.7
    1979       2      16   280.2
    1979       2      17   279.6
    1979       2      18   282.4
    1979       2      19   284.8
    1979       2      20   283.7
    1979       2      21   284.8
    1979       2      22   284.4
    1979       2      23   283.3
    1979       2      24     281
    1979       2      25   279.1
    1979       2      26   280.3
    1979       2      27   282.4
    1979       2      28     283
    1979       3       1     281
    1979       3       2   281.5
    1979       3       3   282.9
    1979       3       4   284.3
    1979       3       5   286.6
    1979       3       6     287
    1979       3       7   287.1
    1979       3       8   287.8
    1979       3       9   287.6
    1979       3      10   287.2
    1979       3      11   289.2
    1979       3      12     290
    1979       3      13   289.9
    1979       3      14   289.6
    1979       3      15   283.4
    1979       3      16   284.3
    1979       3      17   286.4
    1979       3      18   286.5
    1979       3      19   286.8
    1979       3      20   284.8
    1979       3      21   284.6
    1979       3      22   284.4
    1979       3      23   288.1
    1979       3      24   289.6
    1979       3      25   292.3
    1979       3      26   292.5
    1979       3      27   287.9
    1979       3      28   286.2
    1979       3      29   284.3
    1979       3      30   283.4
    1979       3      31     283
    1979       4       1   284.5
    1979       4       2   286.1
    1979       4       3   286.7
    1979       4       4   287.2
    1979       4       5   287.3
    1979       4       6   287.3
    1979       4       7   288.4
    1979       4       8   289.3
    1979       4       9   291.6
    1979       4      10   289.3
    1979       4      11   286.2
    1979       4      12   286.7
    1979       4      13     290
    1979       4      14   286.9
    1979       4      15   286.4
    1979       4      16   288.3
    1979       4      17   288.9
    1979       4      18   287.6
    1979       4      19   284.7
    1979       4      20     286
    1979       4      21   288.1
    1979       4      22     290
    1979       4      23     293
    1979       4      24     291
    1979       4      25   287.2
    1979       4      26   288.1
    1979       4      27   285.6
    1979       4      28   284.4
    1979       4      29   286.8
    1979       4      30     287
    1979       5       1     289
    1979       5       2   292.4
    1979       5       3   292.6
    1979       5       4   290.1
    1979       5       5   288.3
    1979       5       6     287
    1979       5       7   287.9
    1979       5       8   289.1
    1979       5       9   288.5
    1979       5      10   288.5
    1979       5      11   289.4
    1979       5      12   291.5
    1979       5      13     293
    1979       5      14   291.7
    1979       5      15   290.6
    1979       5      16   294.1
    1979       5      17   297.9
    1979       5      18   297.6
    1979       5      19   291.3
    1979       5      20     289
    1979       5      21   292.3
    1979       5      22   295.8
    1979       5      23   295.5
    1979       5      24   294.4
    1979       5      25   294.5
    1979       5      26   293.2
    1979       5      27   293.8
    1979       5      28   296.8
    1979       5      29   298.1
    1979       5      30   298.4
    1979       5      31   297.3
    1979       6       1   296.4
    1979       6       2   295.5
    1979       6       3   296.2
    1979       6       4   296.5
    1979       6       5     294
    1979       6       6   293.2
    1979       6       7   293.2
    1979       6       8   293.9
    1979       6       9   295.9
    1979       6      10   298.5
    1979       6      11   300.1
    1979       6      12     300
    1979       6      13   299.3
    1979       6      14   297.4
    1979       6      15   295.9
    1979       6      16   295.3
    1979       6      17   291.7
    1979       6      18   291.9
    1979       6      19   295.3
    1979       6      20   298.2
    1979       6      21     299
    1979       6      22   300.5
    1979       6      23   300.8
    1979       6      24   301.3
    1979       6      25   298.5
    1979       6      26   298.8
    1979       6      27   299.1
    1979       6      28   296.6
    1979       6      29   296.4
    1979       6      30   297.2
    1979       7       1   296.3
    1979       7       2   293.6
    1979       7       3   292.7
    1979       7       4     294
    1979       7       5   294.8
    1979       7       6   295.5
    1979       7       7   297.1
    1979       7       8   299.5
    1979       7       9   301.5
    1979       7      10   302.5
    1979       7      11   301.6
    1979       7      12     299
    1979       7      13   299.8
    1979       7      14   297.3
    1979       7      15   296.2
    1979       7      16   297.9
    1979       7      17   300.9
    1979       7      18   302.6
    1979       7      19   301.8
    1979       7      20   299.7
    1979       7      21   299.7
    1979       7      22   299.5
    1979       7      23   299.6
    1979       7      24   297.3
    1979       7      25   298.2
    1979       7      26   299.6
    1979       7      27   302.4
    1979       7      28   303.9
    1979       7      29     306
    1979       7      30   306.4
    1979       7      31   302.6
    1979       8       1     302
    1979       8       2   303.4
    1979       8       3   304.1
    1979       8       4   304.7
    1979       8       5   303.7
    1979       8       6   304.7
    1979       8       7   304.1
    1979       8       8   301.3
    1979       8       9   300.4
    1979       8      10   301.1
    1979       8      11   298.9
    1979       8      12   298.5
    1979       8      13   299.5
    1979       8      14   301.3
    1979       8      15   303.6
    1979       8      16   297.6
    1979       8      17   295.9
    1979       8      18   299.4
    1979       8      19   296.3
    1979       8      20   295.5
    1979       8      21   295.2
    1979       8      22   296.4
    1979       8      23   299.4
    1979       8      24   300.6
    1979       8      25   298.6
    1979       8      26   299.7
    1979       8      27   300.1
    1979       8      28   299.3
    1979       8      29   299.8
    1979       8      30   298.8
    1979       8      31   297.5
    1979       9       1   296.4
    1979       9       2   296.4
    1979       9       3   297.4
    1979       9       4   296.9
    1979       9       5     297
    1979       9       6   297.8
    1979       9       7   295.9
    1979       9       8     296
    1979       9       9   296.2
    1979       9      10   296.6
    1979       9      11   298.1
    1979       9      12   297.2
    1979       9      13   296.1
    1979       9      14   296.3
    1979       9      15   297.3
    1979       9      16   295.8
    1979       9      17   296.6
    1979       9      18   296.5
    1979       9      19   296.9
    1979       9      20   296.1
    1979       9      21   294.2
    1979       9      22   292.2
    1979       9      23   289.4
    1979       9      24   289.7
    1979       9      25   291.4
    1979       9      26   292.1
    1979       9      27   291.6
    1979       9      28   291.9
    1979       9      29   293.6
    1979       9      30   294.1
    1979      10       1   294.9
    1979      10       2   294.7
    1979      10       3   295.8
    1979      10       4   296.7
    1979      10       5   293.8
    1979      10       6     295
    1979      10       7     296
    1979      10       8   297.1
    1979      10       9   297.6
    1979      10      10   294.1
    1979      10      11   290.8
    1979      10      12   292.5
    1979      10      13   294.4
    1979      10      14   292.6
    1979      10      15   292.5
    1979      10      16   292.9
    1979      10      17   292.3
    1979      10      18   291.8
    1979      10      19   291.7
    1979      10      20   294.2
    1979      10      21   294.9
    1979      10      22   294.7
    1979      10      23   292.3
    1979      10      24   291.7
    1979      10      25   289.7
    1979      10      26   288.5
    1979      10      27   286.2
    1979      10      28   287.6
    1979      10      29   287.8
    1979      10      30   289.2
    1979      10      31   288.9
    1979      11       1   290.9
    1979      11       2   290.2
    1979      11       3   288.8
    1979      11       4   288.5
    1979      11       5   289.6
    1979      11       6     291
    1979      11       7   290.5
    1979      11       8   292.4
    1979      11       9   291.2
    1979      11      10     287
    1979      11      11   284.2
    1979      11      12   284.8
    1979      11      13   287.2
    1979      11      14   290.4
    1979      11      15   286.3
    1979      11      16     284
    1979      11      17   283.5
    1979      11      18   287.8
    1979      11      19     288
    1979      11      20   288.2
    1979      11      21   284.7
    1979      11      22   283.1
    1979      11      23   283.8
    1979      11      24   284.4
    1979      11      25   283.7
    1979      11      26   283.8
    1979      11      27   285.9
    1979      11      28   287.6
    1979      11      29   288.2
    1979      11      30   288.1
    1979      12       1     288
    1979      12       2   287.4
    1979      12       3   287.1
    1979      12       4   287.5
    1979      12       5     287
    1979      12       6   286.6
    1979      12       7   286.4
    1979      12       8   287.1
    1979      12       9   286.3
    1979      12      10   286.9
    1979      12      11   288.7
    1979      12      12   288.9
    1979      12      13   288.5
    1979      12      14   287.2
    1979      12      15   284.5
    1979      12      16   286.4
    1979      12      17   287.5
    1979      12      18   286.7
    1979      12      19     285
    1979      12      20   281.5
    1979      12      21   281.8
    1979      12      22   279.8
    1979      12      23   281.8
    1979      12      24   285.5
    1979      12      25     286
    1979      12      26   283.6
    1979      12      27   282.2
    1979      12      28   285.4
    1979      12      29   284.6
    1979      12      30     284
    1979      12      31   286.3
    1980       1       1   286.3
    1980       1       2   285.6
    1980       1       3   284.3
    1980       1       4   284.9
    1980       1       5   284.1
    1980       1       6   284.3
    1980       1       7   284.6
    1980       1       8   284.8
    1980       1       9     284
    1980       1      10     282
    1980       1      11   282.3
    1980       1      12   280.2
    1980       1      13   280.9
    1980       1      14   283.5
    1980       1      15   282.7
    1980       1      16   283.1
    1980       1      17   283.1
    1980       1      18   280.8
    1980       1      19   280.6
    1980       1      20   282.6
    1980       1      21     283
    1980       1      22   283.3
    1980       1      23   284.7
    1980       1      24   286.6
    1980       1      25     288
    1980       1      26   287.3
    1980       1      27   287.9
    1980       1      28   285.9
    1980       1      29   285.5
    1980       1      30   285.6
    1980       1      31     287
    1980       2       1   285.6
    1980       2       2   285.7
    1980       2       3   286.7
    1980       2       4   288.6
    1980       2       5   291.8
    1980       2       6   288.8
    1980       2       7   287.4
    1980       2       8   287.4
    1980       2       9     288
    1980       2      10   287.1
    1980       2      11   282.6
    1980       2      12   283.3
    1980       2      13   285.3
    1980       2      14   285.8
    1980       2      15   286.1
    1980       2      16   286.4
    1980       2      17   285.6
    1980       2      18   284.8
    1980       2      19   286.2
    1980       2      20   287.6
    1980       2      21   286.4
    1980       2      22   285.2
    1980       2      23   286.4
    1980       2      24   286.7
    1980       2      25   285.6
    1980       2      26   285.4
    1980       2      27   283.8
    1980       2      28   283.2
    1980       3       1   285.3
    1980       3       2   287.2
    1980       3       3   287.9
    1980       3       4   286.9
    1980       3       5   286.2
    1980       3       6   285.6
    1980       3       7   287.4
    1980       3       8   284.6
    1980       3       9   285.1
    1980       3      10   285.9
    1980       3      11   285.9
    1980       3      12     284
    1980       3      13   285.9
    1980       3      14   282.7
    1980       3      15   281.6
    1980       3      16   284.3
    1980       3      17   285.1
    1980       3      18   285.1
    1980       3      19   286.6
    1980       3      20   284.5
    1980       3      21     286
    1980       3      22   285.3
    1980       3      23   283.9
    1980       3      24   285.5
    1980       3      25   286.1
    1980       3      26   288.2
    1980       3      27   290.5
    1980       3      28   290.4
    1980       3      29   290.6
    1980       3      30   288.9
    1980       3      31   289.9
    1980       4       1     294
    1980       4       2   294.2
    1980       4       3   289.1
    1980       4       4   285.3
    1980       4       5   284.4
    1980       4       6   284.1
    1980       4       7   284.4
    1980       4       8   284.5
    1980       4       9   285.2
    1980       4      10   284.1
    1980       4      11   285.9
    1980       4      12   287.7
    1980       4      13   288.4
    1980       4      14   291.6
    1980       4      15     287
    1980       4      16   285.6
    1980       4      17   286.5
    1980       4      18   285.9
    1980       4      19   286.9
    1980       4      20   291.1
    1980       4      21   288.1
    1980       4      22   285.3
    1980       4      23   286.5
    1980       4      24   286.4
    1980       4      25   287.3
    1980       4      26   287.9
    1980       4      27     290
    1980       4      28   289.7
    1980       4      29   288.2
    1980       4      30   286.4
    1980       5       1   287.6
    1980       5       2   290.6
    1980       5       3   291.3
    1980       5       4   289.6
    1980       5       5   289.1
    1980       5       6   291.6
    1980       5       7   289.9
    1980       5       8   291.6
    1980       5       9   291.4
    1980       5      10   291.5
    1980       5      11   291.5
    1980       5      12   291.2
    1980       5      13   287.4
    1980       5      14   289.2
    1980       5      15   290.2
    1980       5      16   291.8
    1980       5      17   290.8
    1980       5      18   289.8
    1980       5      19   289.3
    1980       5      20   289.5
    1980       5      21   292.8
    1980       5      22   293.1
    1980       5      23     289
    1980       5      24     291
    1980       5      25   291.5
    1980       5      26   290.7
    1980       5      27   290.2
    1980       5      28   288.7
    1980       5      29   289.7
    1980       5      30   290.9
    1980       5      31   294.2
    1980       6       1   295.8
    1980       6       2   291.6
    1980       6       3   291.9
    1980       6       4   294.6
    1980       6       5   298.3
    1980       6       6   299.1
    1980       6       7   297.9
    1980       6       8   294.1
    1980       6       9   293.2
    1980       6      10   294.6
    1980       6      11   295.9
    1980       6      12   296.7
    1980       6      13   294.9
    1980       6      14     294
    1980       6      15   294.6
    1980       6      16   295.8
    1980       6      17   298.5
    1980       6      18   297.3
    1980       6      19   297.2
    1980       6      20   297.9
    1980       6      21   297.4
    1980       6      22   297.1
    1980       6      23   296.8
    1980       6      24   297.5
    1980       6      25   298.6
    1980       6      26   299.4
    1980       6      27     295
    1980       6      28   292.9
    1980       6      29   296.3
    1980       6      30   297.7
    1980       7       1   297.7
    1980       7       2   298.9
    1980       7       3   297.9
    1980       7       4   298.2
    1980       7       5   300.1
    1980       7       6   298.5
    1980       7       7   299.4
    1980       7       8     301
    1980       7       9   296.2
    1980       7      10   293.2
    1980       7      11   292.2
    1980       7      12   292.9
    1980       7      13     296
    1980       7      14   298.1
    1980       7      15   301.8
    1980       7      16   299.1
    1980       7      17   293.8
    1980       7      18   294.4
    1980       7      19   297.9
    1980       7      20   302.1
    1980       7      21   300.2
    1980       7      22   296.2
    1980       7      23   299.4
    1980       7      24   303.4
    1980       7      25   302.5
    1980       7      26   300.4
    1980       7      27   299.4
    1980       7      28     300
    1980       7      29   297.2
    1980       7      30   297.8
    1980       7      31   299.3
    1980       8       1   302.1
    1980       8       2   304.9
    1980       8       3   306.6
    1980       8       4   306.6
    1980       8       5   304.4
    1980       8       6   301.9
    1980       8       7   301.8
    1980       8       8   302.9
    1980       8       9   301.2
    1980       8      10   301.9
    1980       8      11   302.5
    1980       8      12   302.4
    1980       8      13   301.1
    1980       8      14   301.4
    1980       8      15   301.1
    1980       8      16   298.8
    1980       8      17   297.1
    1980       8      18   297.1
    1980       8      19   298.6
    1980       8      20   301.1
    1980       8      21   301.8
    1980       8      22   304.6
    1980       8      23   304.3
    1980       8      24   302.9
    1980       8      25   301.2
    1980       8      26     301
    1980       8      27   299.9
    1980       8      28   299.8
    1980       8      29   298.9
    1980       8      30   300.6
    1980       8      31   301.3
    1980       9       1   298.8
    1980       9       2   298.8
    1980       9       3   298.4
    1980       9       4     299
    1980       9       5   301.1
    1980       9       6   300.4
    1980       9       7   299.9
    1980       9       8     299
    1980       9       9   296.9
    1980       9      10   296.3
    1980       9      11   295.7
    1980       9      12   298.1
    1980       9      13     301
    1980       9      14   299.8
    1980       9      15   299.1
    1980       9      16   299.4
    1980       9      17   298.6
    1980       9      18   297.1
    1980       9      19   299.4
    1980       9      20   298.9
    1980       9      21     297
    1980       9      22   296.8
    1980       9      23   296.6
    1980       9      24   296.5
    1980       9      25   296.5
    1980       9      26   295.7
    1980       9      27     296
    1980       9      28   296.3
    1980       9      29   296.4
    1980       9      30   295.1
    1980      10       1   294.5
    1980      10       2   296.3
    1980      10       3   296.1
    1980      10       4   296.2
    1980      10       5   296.3
    1980      10       6   297.2
    1980      10       7   296.2
    1980      10       8   294.1
    1980      10       9   292.1
    1980      10      10   292.3
    1980      10      11   293.8
    1980      10      12   290.4
    1980      10      13   290.6
    1980      10      14   293.1
    1980      10      15   293.1
    1980      10      16   292.9
    1980      10      17   288.2
    1980      10      18   287.3
    1980      10      19   286.7
    1980      10      20   287.2
    1980      10      21   288.8
    1980      10      22   290.8
    1980      10      23   293.1
    1980      10      24   292.5
    1980      10      25   290.9
    1980      10      26   290.5
    1980      10      27   289.7
    1980      10      28   289.8
    1980      10      29   292.1
    1980      10      30   291.6
    1980      10      31   291.9
    1980      11       1   291.8
    1980      11       2   291.9
    1980      11       3   293.6
    1980      11       4   290.1
    1980      11       5   286.9
    1980      11       6   287.2
    1980      11       7   290.8
    1980      11       8   290.9
    1980      11       9   290.4
    1980      11      10   287.8
    1980      11      11   290.1
    1980      11      12   291.8
    1980      11      13   288.2
    1980      11      14   284.8
    1980      11      15   285.8
    1980      11      16     288
    1980      11      17   289.8
    1980      11      18   289.3
    1980      11      19   288.4
    1980      11      20   287.5
    1980      11      21   288.8
    1980      11      22   288.6
    1980      11      23   288.2
    1980      11      24   288.3
    1980      11      25   289.5
    1980      11      26   287.1
    1980      11      27   281.9
    1980      11      28   284.3
    1980      11      29   282.3
    1980      11      30   279.4
    1980      12       1   277.7
    1980      12       2   278.6
    1980      12       3   279.9
    1980      12       4   281.9
    1980      12       5   282.7
    1980      12       6   282.7
    1980      12       7   283.7
    1980      12       8   282.5
    1980      12       9   281.3
    1980      12      10   282.9
    1980      12      11   283.4
    1980      12      12   283.3
    1980      12      13   284.8
    1980      12      14   285.6
    1980      12      15   285.3
    1980      12      16   282.8
    1980      12      17   280.8
    1980      12      18   282.2
    1980      12      19   285.1
    1980      12      20   289.2
    1980      12      21   288.3
    1980      12      22   286.6
    1980      12      23   285.2
    1980      12      24     286
    1980      12      25   286.5
    1980      12      26   284.6
    1980      12      27   283.3
    1980      12      28   280.9
    1980      12      29   283.1
    1980      12      30   283.5
    1980      12      31   282.5
    1981       1       1   281.6
    1981       1       2   283.7
    1981       1       3   284.3
    1981       1       4   284.7
    1981       1       5   285.9
    1981       1       6   283.7
    1981       1       7   283.9
    1981       1       8   282.1
    1981       1       9   281.4
    1981       1      10   283.3
    1981       1      11   282.6
    1981       1      12   280.2
    1981       1      13   279.1
    1981       1      14   278.6
    1981       1      15     283
    1981       1      16   287.7
    1981       1      17   285.6
    1981       1      18   284.8
    1981       1      19   284.1
    1981       1      20   286.6
    1981       1      21   287.3
    1981       1      22     286
    1981       1      23   284.2
    1981       1      24   283.2
    1981       1      25   283.7
    1981       1      26   284.3
    1981       1      27   283.6
    1981       1      28   283.2
    1981       1      29   282.6
    1981       1      30   282.3
    1981       1      31   280.6
    1981       2       1   281.8
    1981       2       2   281.7
    1981       2       3   283.5
    1981       2       4   284.8
    1981       2       5   284.2
    1981       2       6   284.9
    1981       2       7   285.1
    1981       2       8     285
    1981       2       9   286.8
    1981       2      10   286.1
    1981       2      11   283.7
    1981       2      12   283.6
    1981       2      13   284.2
    1981       2      14   282.9
    1981       2      15   284.5
    1981       2      16   284.3
    1981       2      17   283.2
    1981       2      18   283.5
    1981       2      19   283.3
    1981       2      20   280.1
    1981       2      21   278.1
    1981       2      22   282.7
    1981       2      23   283.5
    1981       2      24   285.7
    1981       2      25   283.9
    1981       2      26     284
    1981       2      27   287.7
    1981       2      28     289
    1981       3       1   288.4
    1981       3       2   287.7
    1981       3       3   287.1
    1981       3       4   287.5
    1981       3       5   286.8
    1981       3       6   288.7
    1981       3       7     289
    1981       3       8   289.7
    1981       3       9   291.2
    1981       3      10   289.3
    1981       3      11   292.2
    1981       3      12   293.8
    1981       3      13   290.2
    1981       3      14   288.5
    1981       3      15   286.6
    1981       3      16   285.6
    1981       3      17   284.7
    1981       3      18   283.9
    1981       3      19   286.2
    1981       3      20   287.9
    1981       3      21     286
    1981       3      22   288.1
    1981       3      23   289.6
    1981       3      24   291.4
    1981       3      25   293.8
    1981       3      26     294
    1981       3      27   291.2
    1981       3      28   290.4
    1981       3      29   288.6
    1981       3      30   284.8
    1981       3      31   286.3
    1981       4       1   287.7
    1981       4       2   288.1
    1981       4       3   285.8
    1981       4       4   286.2
    1981       4       5   287.6
    1981       4       6   288.9
    1981       4       7   290.5
    1981       4       8   291.8
    1981       4       9   292.1
    1981       4      10   293.2
    1981       4      11   290.5
    1981       4      12   290.2
    1981       4      13   288.8
    1981       4      14   289.3
    1981       4      15   288.6
    1981       4      16   287.5
    1981       4      17   287.4
    1981       4      18   287.7
    1981       4      19   288.6
    1981       4      20   289.7
    1981       4      21   286.7
    1981       4      22   286.6
    1981       4      23   285.4
    1981       4      24   287.3
    1981       4      25     287
    1981       4      26   284.7
    1981       4      27   286.6
    1981       4      28   287.4
    1981       4      29   288.2
    1981       4      30     288
    1981       5       1   287.5
    1981       5       2   289.2
    1981       5       3   289.2
    1981       5       4   290.6
    1981       5       5   292.4
    1981       5       6   292.4
    1981       5       7   293.1
    1981       5       8   290.8
    1981       5       9   290.3
    1981       5      10     288
    1981       5      11   288.5
    1981       5      12   289.8
    1981       5      13   291.8
    1981       5      14   291.4
    1981       5      15   290.7
    1981       5      16   291.1
    1981       5      17   291.9
    1981       5      18   294.4
    1981       5      19   295.7
    1981       5      20   296.6
    1981       5      21   294.8
    1981       5      22   291.9
    1981       5      23   292.4
    1981       5      24   295.5
    1981       5      25   296.9
    1981       5      26   291.6
    1981       5      27   291.9
    1981       5      28   293.7
    1981       5      29   295.3
    1981       5      30   295.1
    1981       5      31   295.3
    1981       6       1   294.6
    1981       6       2   295.3
    1981       6       3     294
    1981       6       4   294.2
    1981       6       5   294.4
    1981       6       6   295.4
    1981       6       7   296.8
    1981       6       8   299.3
    1981       6       9   299.7
    1981       6      10   299.7
    1981       6      11   297.6
    1981       6      12     298
    1981       6      13   300.8
    1981       6      14   299.2
    1981       6      15   297.9
    1981       6      16   300.7
    1981       6      17   300.6
    1981       6      18     298
    1981       6      19   295.2
    1981       6      20   295.6
    1981       6      21     297
    1981       6      22   298.1
    1981       6      23   295.2
    1981       6      24   292.1
    1981       6      25   292.8
    1981       6      26   294.4
    1981       6      27   295.2
    1981       6      28   292.4
    1981       6      29   294.2
    1981       6      30   295.1
    1981       7       1   296.7
    1981       7       2   296.8
    1981       7       3   295.2
    1981       7       4   296.4
    1981       7       5   296.2
    1981       7       6   297.2
    1981       7       7     299
    1981       7       8   301.1
    1981       7       9   301.3
    1981       7      10   297.5
    1981       7      11     295
    1981       7      12   295.5
    1981       7      13   297.8
    1981       7      14   298.1
    1981       7      15   297.1
    1981       7      16   298.2
    1981       7      17   299.7
    1981       7      18   299.6
    1981       7      19     294
    1981       7      20   294.5
    1981       7      21   296.9
    1981       7      22   298.5
    1981       7      23   300.6
    1981       7      24   300.2
    1981       7      25   295.7
    1981       7      26   295.7
    1981       7      27   296.4
    1981       7      28   296.6
    1981       7      29   299.6
    1981       7      30   302.1
    1981       7      31   303.2
    1981       8       1   300.3
    1981       8       2   299.6
    1981       8       3   300.3
    1981       8       4   300.6
    1981       8       5   301.8
    1981       8       6   302.4
    1981       8       7   302.4
    1981       8       8   302.3
    1981       8       9   301.2
    1981       8      10   300.4
    1981       8      11   299.5
    1981       8      12   300.1
    1981       8      13   299.1
    1981       8      14   297.3
    1981       8      15   298.1
    1981       8      16   298.4
    1981       8      17   300.8
    1981       8      18   302.5
    1981       8      19     302
    1981       8      20   301.3
    1981       8      21   297.7
    1981       8      22   295.9
    1981       8      23   294.5
    1981       8      24     297
    1981       8      25   297.3
    1981       8      26     296
    1981       8      27   295.4
    1981       8      28   297.7
    1981       8      29   299.3
    1981       8      30   300.1
    1981       8      31     299
    1981       9       1   299.5
    1981       9       2   298.4
    1981       9       3   297.6
    1981       9       4   297.9
    1981       9       5   297.5
    1981       9       6   298.3
    1981       9       7     298
    1981       9       8   299.7
    1981       9       9   301.3
    1981       9      10   301.8
    1981       9      11     300
    1981       9      12   299.5
    1981       9      13   299.4
    1981       9      14   298.4
    1981       9      15     298
    1981       9      16   298.4
    1981       9      17   298.8
    1981       9      18   298.4
    1981       9      19   298.9
    1981       9      20   299.7
    1981       9      21   300.2
    1981       9      22   298.7
    1981       9      23     295
    1981       9      24   295.1
    1981       9      25     295
    1981       9      26   296.4
    1981       9      27   291.6
    1981       9      28   291.7
    1981       9      29     293
    1981       9      30   294.4
    1981      10       1   296.3
    1981      10       2   293.9
    1981      10       3   293.3
    1981      10       4   295.7
    1981      10       5   298.8
    1981      10       6     298
    1981      10       7   296.1
    1981      10       8   296.6
    1981      10       9   297.7
    1981      10      10   296.7
    1981      10      11   295.4
    1981      10      12   297.7
    1981      10      13   297.7
    1981      10      14   297.5
    1981      10      15   297.5
    1981      10      16   297.7
    1981      10      17   297.5
    1981      10      18     298
    1981      10      19   296.8
    1981      10      20   295.6
    1981      10      21   297.2
    1981      10      22   290.5
    1981      10      23   289.5
    1981      10      24   288.8
    1981      10      25   290.3
    1981      10      26   290.1
    1981      10      27   289.1
    1981      10      28     290
    1981      10      29   290.9
    1981      10      30   291.1
    1981      10      31   290.6
    1981      11       1   291.2
    1981      11       2   291.4
    1981      11       3   291.7
    1981      11       4     292
    1981      11       5   291.4
    1981      11       6   290.8
    1981      11       7   290.8
    1981      11       8   290.9
    1981      11       9   290.4
    1981      11      10   289.2
    1981      11      11   288.1
    1981      11      12   290.1
    1981      11      13   290.2
    1981      11      14   286.9
    1981      11      15   287.7
    1981      11      16   288.8
    1981      11      17     288
    1981      11      18   288.4
    1981      11      19   289.3
    1981      11      20   290.1
    1981      11      21   289.5
    1981      11      22   289.1
    1981      11      23   288.7
    1981      11      24   288.5
    1981      11      25   288.6
    1981      11      26   286.9
    1981      11      27   286.7
    1981      11      28   288.6
    1981      11      29   287.6
    1981      11      30   285.9
    1981      12       1   287.3
    1981      12       2   285.9
    1981      12       3   282.6
    1981      12       4   282.4
    1981      12       5   285.5
    1981      12       6   286.3
    1981      12       7   285.5
    1981      12       8   285.5
    1981      12       9   287.2
    1981      12      10   289.2
    1981      12      11   289.7
    1981      12      12   289.9
    1981      12      13   290.5
    1981      12      14     291
    1981      12      15   288.3
    1981      12      16   290.7
    1981      12      17   289.4
    1981      12      18   286.8
    1981      12      19   282.6
    1981      12      20   282.3
    1981      12      21   284.5
    1981      12      22   289.2
    1981      12      23     289
    1981      12      24   287.4
    1981      12      25   284.1
    1981      12      26     284
    1981      12      27   286.7
    1981      12      28   288.1
    1981      12      29   287.8
    1981      12      30   290.1
    1981      12      31   289.9
    1982       1       1   285.7
    1982       1       2   284.5
    1982       1       3   285.6
    1982       1       4   287.8
    1982       1       5   287.2
    1982       1       6   287.4
    1982       1       7   289.6
    1982       1       8   290.9
    1982       1       9   289.5
    1982       1      10   288.3
    1982       1      11   287.6
    1982       1      12   287.4
    1982       1      13     288
    1982       1      14   287.9
    1982       1      15   286.8
    1982       1      16   286.3
    1982       1      17   286.3
    1982       1      18   285.8
    1982       1      19   284.5
    1982       1      20     284
    1982       1      21   283.8
    1982       1      22   283.7
    1982       1      23   283.7
    1982       1      24   283.2
    1982       1      25   283.8
    1982       1      26   283.8
    1982       1      27   285.3
    1982       1      28   281.3
    1982       1      29   280.4
    1982       1      30   283.6
    1982       1      31   285.9
    1982       2       1   286.2
    1982       2       2     285
    1982       2       3   285.1
    1982       2       4   285.3
    1982       2       5   284.9
    1982       2       6   284.3
    1982       2       7   285.4
    1982       2       8   285.8
    1982       2       9   285.2
    1982       2      10   285.1
    1982       2      11   285.2
    1982       2      12   285.6
    1982       2      13   285.7
    1982       2      14   285.1
    1982       2      15   287.2
    1982       2      16   284.2
    1982       2      17   284.4
    1982       2      18   285.3
    1982       2      19   285.7
    1982       2      20   284.6
    1982       2      21   285.2
    1982       2      22   285.8
    1982       2      23   282.4
    1982       2      24   281.9
    1982       2      25   283.5
    1982       2      26   283.8
    1982       2      27   287.9
    1982       2      28   287.7
    1982       3       1   289.8
    1982       3       2     289
    1982       3       3   288.6
    1982       3       4   288.4
    1982       3       5   282.7
    1982       3       6   283.6
    1982       3       7     285
    1982       3       8   284.7
    1982       3       9   283.6
    1982       3      10   285.3
    1982       3      11   288.8
    1982       3      12   289.3
    1982       3      13     289
    1982       3      14   285.6
    1982       3      15   286.1
    1982       3      16   288.2
    1982       3      17   289.8
    1982       3      18   287.7
    1982       3      19   288.2
    1982       3      20   289.6
    1982       3      21   288.6
    1982       3      22   289.4
    1982       3      23   287.5
    1982       3      24   283.3
    1982       3      25     282
    1982       3      26   282.8
    1982       3      27     284
    1982       3      28   286.7
    1982       3      29   288.3
    1982       3      30   288.4
    1982       3      31   287.9
    1982       4       1   287.3
    1982       4       2   286.1
    1982       4       3   288.2
    1982       4       4   290.6
    1982       4       5     290
    1982       4       6     288
    1982       4       7   288.7
    1982       4       8   290.7
    1982       4       9   293.7
    1982       4      10   293.6
    1982       4      11   292.5
    1982       4      12   293.1
    1982       4      13   290.6
    1982       4      14   286.8
    1982       4      15     286
    1982       4      16   286.6
    1982       4      17   287.3
    1982       4      18   286.5
    1982       4      19   286.1
    1982       4      20     287
    1982       4      21   288.7
    1982       4      22   290.1
    1982       4      23   289.2
    1982       4      24     290
    1982       4      25   287.6
    1982       4      26     285
    1982       4      27   287.1
    1982       4      28   289.1
    1982       4      29   290.1
    1982       4      30     291
    1982       5       1   288.7
    1982       5       2   289.2
    1982       5       3   292.1
    1982       5       4   296.2
    1982       5       5   293.5
    1982       5       6   291.3
    1982       5       7   287.7
    1982       5       8   285.9
    1982       5       9   286.9
    1982       5      10   287.5
    1982       5      11   288.5
    1982       5      12     289
    1982       5      13   289.4
    1982       5      14   292.1
    1982       5      15   294.1
    1982       5      16   293.7
    1982       5      17   293.8
    1982       5      18   294.7
    1982       5      19     294
    1982       5      20     293
    1982       5      21   292.3
    1982       5      22     294
    1982       5      23   296.6
    1982       5      24   295.5
    1982       5      25   293.8
    1982       5      26   294.5
    1982       5      27   295.4
    1982       5      28   293.8
    1982       5      29   293.6
    1982       5      30   293.3
    1982       5      31     293
    1982       6       1   292.6
    1982       6       2     293
    1982       6       3   293.7
    1982       6       4   295.1
    1982       6       5   296.1
    1982       6       6   296.7
    1982       6       7   297.6
    1982       6       8   297.7
    1982       6       9   298.8
    1982       6      10   299.4
    1982       6      11   299.6
    1982       6      12   297.8
    1982       6      13   297.6
    1982       6      14   298.6
    1982       6      15   299.3
    1982       6      16   298.7
    1982       6      17   300.2
    1982       6      18   302.2
    1982       6      19   300.4
    1982       6      20   300.1
    1982       6      21   300.7
    1982       6      22   301.5
    1982       6      23   300.6
    1982       6      24   300.3
    1982       6      25   299.8
    1982       6      26   297.7
    1982       6      27   296.2
    1982       6      28     297
    1982       6      29   299.1
    1982       6      30   299.7
    1982       7       1   299.6
    1982       7       2   301.3
    1982       7       3   302.3
    1982       7       4   301.8
    1982       7       5   303.8
    1982       7       6   304.3
    1982       7       7   306.5
    1982       7       8     306
    1982       7       9   303.9
    1982       7      10   303.3
    1982       7      11   304.8
    1982       7      12   304.1
    1982       7      13   301.5
    1982       7      14   300.5
    1982       7      15   302.4
    1982       7      16   302.3
    1982       7      17   301.2
    1982       7      18     302
    1982       7      19   302.2
    1982       7      20   301.8
    1982       7      21   302.6
    1982       7      22   302.6
    1982       7      23   302.4
    1982       7      24   301.3
    1982       7      25   302.2
    1982       7      26   303.3
    1982       7      27   302.9
    1982       7      28   303.9
    1982       7      29   301.2
    1982       7      30   298.9
    1982       7      31   299.9
    1982       8       1   300.1
    1982       8       2   297.7
    1982       8       3   299.1
    1982       8       4   299.1
    1982       8       5   299.4
    1982       8       6   300.9
    1982       8       7   300.5
    1982       8       8   297.9
    1982       8       9   296.6
    1982       8      10   297.6
    1982       8      11   297.4
    1982       8      12   297.9
    1982       8      13   300.4
    1982       8      14   302.6
    1982       8      15   302.7
    1982       8      16     303
    1982       8      17   303.4
    1982       8      18   302.4
    1982       8      19   303.8
    1982       8      20   305.4
    1982       8      21   302.4
    1982       8      22     299
    1982       8      23   299.8
    1982       8      24   299.4
    1982       8      25   298.9
    1982       8      26   300.7
    1982       8      27   299.9
    1982       8      28   297.8
    1982       8      29   298.7
    1982       8      30   299.7
    1982       8      31   299.4
    1982       9       1   294.6
    1982       9       2   293.7
    1982       9       3   294.4
    1982       9       4   294.7
    1982       9       5   297.8
    1982       9       6   301.2
    1982       9       7   300.1
    1982       9       8   297.1
    1982       9       9   297.5
    1982       9      10   298.4
    1982       9      11   296.6
    1982       9      12   295.2
    1982       9      13   296.2
    1982       9      14   296.1
    1982       9      15   296.2
    1982       9      16   296.9
    1982       9      17   298.2
    1982       9      18   298.8
    1982       9      19   299.7
    1982       9      20     299
    1982       9      21   298.3
    1982       9      22   297.6
    1982       9      23   297.8
    1982       9      24   298.6
    1982       9      25   299.5
    1982       9      26     295
    1982       9      27   294.6
    1982       9      28   296.9
    1982       9      29   297.8
    1982       9      30   295.5
    1982      10       1   295.9
    1982      10       2   296.9
    1982      10       3   297.9
    1982      10       4   295.9
    1982      10       5   295.7
    1982      10       6   293.9
    1982      10       7   291.4
    1982      10       8   290.6
    1982      10       9   293.2
    1982      10      10   292.7
    1982      10      11     293
    1982      10      12     295
    1982      10      13   295.4
    1982      10      14   293.2
    1982      10      15   291.5
    1982      10      16   292.3
    1982      10      17   293.2
    1982      10      18   293.4
    1982      10      19   290.5
    1982      10      20   293.4
    1982      10      21   291.2
    1982      10      22   291.7
    1982      10      23   289.5
    1982      10      24   288.1
    1982      10      25   288.3
    1982      10      26   289.9
    1982      10      27   290.2
    1982      10      28   289.6
    1982      10      29   289.2
    1982      10      30     291
    1982      10      31   290.2
    1982      11       1   290.2
    1982      11       2   290.5
    1982      11       3     290
    1982      11       4   290.3
    1982      11       5   290.9
    1982      11       6   291.9
    1982      11       7     295
    1982      11       8     293
    1982      11       9     288
    1982      11      10   287.5
    1982      11      11   287.7
    1982      11      12   288.2
    1982      11      13   289.4
    1982      11      14     288
    1982      11      15   284.9
    1982      11      16   283.9
    1982      11      17     287
    1982      11      18   287.8
    1982      11      19   288.2
    1982      11      20   288.5
    1982      11      21   289.8
    1982      11      22   288.1
    1982      11      23   288.7
    1982      11      24   288.9
    1982      11      25   289.7
    1982      11      26   288.4
    1982      11      27   282.4
    1982      11      28   285.9
    1982      11      29   283.3
    1982      11      30   282.9
    1982      12       1   283.4
    1982      12       2   284.6
    1982      12       3     284
    1982      12       4   283.1
    1982      12       5   283.7
    1982      12       6   284.3
    1982      12       7   286.3
    1982      12       8   287.7
    1982      12       9     288
    1982      12      10   288.3
    1982      12      11   285.6
    1982      12      12   286.9
    1982      12      13   286.6
    1982      12      14   283.9
    1982      12      15     283
    1982      12      16   284.7
    1982      12      17     286
    1982      12      18   283.3
    1982      12      19   282.4
    1982      12      20   283.8
    1982      12      21   286.3
    1982      12      22   281.7
    1982      12      23   280.1
    1982      12      24   280.5
    1982      12      25   283.2
    1982      12      26   284.5
    1982      12      27   284.3
    1982      12      28   284.6
    1982      12      29   283.9
    1982      12      30   283.7
    1982      12      31   283.7
    1983       1       1   282.5
    1983       1       2   281.9
    1983       1       3   282.7
    1983       1       4   284.6
    1983       1       5   285.4
    1983       1       6   286.8
    1983       1       7   285.5
    1983       1       8     284
    1983       1       9   282.3
    1983       1      10   281.4
    1983       1      11   282.4
    1983       1      12   284.3
    1983       1      13   285.1
    1983       1      14   285.2
    1983       1      15   285.2
    1983       1      16   285.8
    1983       1      17   284.9
    1983       1      18   286.9
    1983       1      19   285.8
    1983       1      20   281.7
    1983       1      21   279.4
    1983       1      22   282.3
    1983       1      23   283.8
    1983       1      24   283.5
    1983       1      25   283.6
    1983       1      26   284.4
    1983       1      27   285.9
    1983       1      28   287.1
    1983       1      29   286.1
    1983       1      30   288.3
    1983       1      31   288.2
    1983       2       1     289
    1983       2       2   285.2
    1983       2       3     283
    1983       2       4   284.2
    1983       2       5   284.1
    1983       2       6     285
    1983       2       7   283.3
    1983       2       8     282
    1983       2       9   281.4
    1983       2      10   279.3
    1983       2      11   277.9
    1983       2      12   280.2
    1983       2      13   279.5
    1983       2      14   280.8
    1983       2      15   281.2
    1983       2      16     281
    1983       2      17   281.5
    1983       2      18   282.4
    1983       2      19     282
    1983       2      20   282.7
    1983       2      21   285.5
    1983       2      22   286.8
    1983       2      23     287
    1983       2      24   287.8
    1983       2      25   287.5
    1983       2      26   289.3
    1983       2      27   286.4
    1983       2      28   286.3
    1983       3       1   287.7
    1983       3       2   286.2
    1983       3       3   285.2
    1983       3       4   283.8
    1983       3       5   284.6
    1983       3       6   283.7
    1983       3       7   283.5
    1983       3       8   285.6
    1983       3       9   288.7
    1983       3      10   290.8
    1983       3      11   289.2
    1983       3      12   289.5
    1983       3      13   291.5
    1983       3      14   292.6
    1983       3      15   289.2
    1983       3      16   285.3
    1983       3      17   286.1
    1983       3      18   286.2
    1983       3      19   287.5
    1983       3      20   291.2
    1983       3      21   292.4
    1983       3      22   291.4
    1983       3      23   289.7
    1983       3      24   288.8
    1983       3      25     283
    1983       3      26   285.5
    1983       3      27   287.9
    1983       3      28   284.9
    1983       3      29   285.1
    1983       3      30   284.4
    1983       3      31     287
    1983       4       1   288.1
    1983       4       2   285.6
    1983       4       3   285.5
    1983       4       4   286.3
    1983       4       5     288
    1983       4       6   288.5
    1983       4       7   288.7
    1983       4       8   290.1
    1983       4       9   293.1
    1983       4      10   294.9
    1983       4      11   295.1
    1983       4      12   288.6
    1983       4      13     285
    1983       4      14   286.3
    1983       4      15   286.5
    1983       4      16   291.3
    1983       4      17   294.9
    1983       4      18   292.2
    1983       4      19   288.8
    1983       4      20   291.9
    1983       4      21   287.9
    1983       4      22   288.6
    1983       4      23   289.3
    1983       4      24   288.2
    1983       4      25   289.3
    1983       4      26   288.9
    1983       4      27     290
    1983       4      28   289.6
    1983       4      29   290.5
    1983       4      30   293.6
    1983       5       1   288.6
    1983       5       2   288.9
    1983       5       3     292
    1983       5       4   294.3
    1983       5       5   294.1
    1983       5       6   294.9
    1983       5       7     296
    1983       5       8   295.2
    1983       5       9   293.2
    1983       5      10     294
    1983       5      11   292.4
    1983       5      12   293.8
    1983       5      13   295.7
    1983       5      14   293.9
    1983       5      15   290.6
    1983       5      16   291.2
    1983       5      17   292.3
    1983       5      18   293.1
    1983       5      19   294.8
    1983       5      20   294.5
    1983       5      21   288.8
    1983       5      22   288.3
    1983       5      23   291.5
    1983       5      24   292.9
    1983       5      25   291.1
    1983       5      26   291.2
    1983       5      27   291.5
    1983       5      28   294.3
    1983       5      29   296.9
    1983       5      30   296.8
    1983       5      31   297.1
    1983       6       1   294.7
    1983       6       2   294.3
    1983       6       3   295.2
    1983       6       4   298.2
    1983       6       5   298.7
    1983       6       6   299.7
    1983       6       7     301
    1983       6       8   299.8
    1983       6       9     301
    1983       6      10     302
    1983       6      11   303.7
    1983       6      12   304.3
    1983       6      13   301.3
    1983       6      14   295.7
    1983       6      15   295.3
    1983       6      16   296.9
    1983       6      17   297.3
    1983       6      18     295
    1983       6      19   295.1
    1983       6      20   293.8
    1983       6      21   294.9
    1983       6      22   297.5
    1983       6      23   296.5
    1983       6      24   296.9
    1983       6      25   297.9
    1983       6      26   298.8
    1983       6      27   296.5
    1983       6      28   296.7
    1983       6      29   297.8
    1983       6      30   299.3
    1983       7       1   300.8
    1983       7       2   301.4
    1983       7       3   299.4
    1983       7       4   298.6
    1983       7       5     299
    1983       7       6   298.8
    1983       7       7   298.2
    1983       7       8   299.6
    1983       7       9   300.9
    1983       7      10   300.8
    1983       7      11   300.8
    1983       7      12   302.6
    1983       7      13   303.5
    1983       7      14   304.1
    1983       7      15   303.1
    1983       7      16     301
    1983       7      17   302.1
    1983       7      18   303.8
    1983       7      19   304.8
    1983       7      20   305.7
    1983       7      21     305
    1983       7      22   305.1
    1983       7      23   305.1
    1983       7      24   304.9
    1983       7      25   303.6
    1983       7      26   302.8
    1983       7      27   301.4
    1983       7      28   302.7
    1983       7      29   304.5
    1983       7      30   305.8
    1983       7      31   303.5
    1983       8       1   303.1
    1983       8       2   302.6
    1983       8       3   298.5
    1983       8       4     298
    1983       8       5   298.7
    1983       8       6   299.7
    1983       8       7   301.3
    1983       8       8   300.3
    1983       8       9   298.3
    1983       8      10   299.1
    1983       8      11   299.3
    1983       8      12   298.9
    1983       8      13     300
    1983       8      14   300.3
    1983       8      15   301.2
    1983       8      16   300.4
    1983       8      17   298.3
    1983       8      18   299.3
    1983       8      19   300.8
    1983       8      20   301.2
    1983       8      21   301.2
    1983       8      22     300
    1983       8      23   298.1
    1983       8      24   295.7
    1983       8      25   298.6
    1983       8      26   298.8
    1983       8      27   297.7
    1983       8      28   296.7
    1983       8      29   297.9
    1983       8      30   298.6
    1983       8      31   299.6
    1983       9       1   296.7
    1983       9       2   298.2
    1983       9       3   301.2
    1983       9       4     298
    1983       9       5   297.4
    1983       9       6   297.9
    1983       9       7   299.5
    1983       9       8   301.2
    1983       9       9   302.7
    1983       9      10   303.6
    1983       9      11   300.5
    1983       9      12   297.9
    1983       9      13   297.9
    1983       9      14   298.7
    1983       9      15   301.3
    1983       9      16   302.2
    1983       9      17   299.7
    1983       9      18   297.2
    1983       9      19     299
    1983       9      20   299.7
    1983       9      21   299.6
    1983       9      22   300.1
    1983       9      23   299.2
    1983       9      24     299
    1983       9      25   298.8
    1983       9      26   299.8
    1983       9      27   296.8
    1983       9      28   293.5
    1983       9      29   294.6
    1983       9      30   296.5
    1983      10       1   297.2
    1983      10       2   295.7
    1983      10       3   294.8
    1983      10       4   296.3
    1983      10       5   297.1
    1983      10       6   297.5
    1983      10       7   297.8
    1983      10       8   297.4
    1983      10       9     296
    1983      10      10   297.7
    1983      10      11   297.4
    1983      10      12   294.9
    1983      10      13   296.1
    1983      10      14   297.2
    1983      10      15   296.2
    1983      10      16   294.4
    1983      10      17   292.8
    1983      10      18   292.1
    1983      10      19   292.3
    1983      10      20     293
    1983      10      21     295
    1983      10      22   295.7
    1983      10      23   293.2
    1983      10      24   292.8
    1983      10      25   292.2
    1983      10      26   291.6
    1983      10      27   291.7
    1983      10      28     293
    1983      10      29   295.3
    1983      10      30   291.2
    1983      10      31   287.9
    1983      11       1   288.4
    1983      11       2   289.5
    1983      11       3   290.1
    1983      11       4   292.1
    1983      11       5   293.5
    1983      11       6   295.3
    1983      11       7     292
    1983      11       8   292.5
    1983      11       9   292.2
    1983      11      10   290.8
    1983      11      11     289
    1983      11      12   289.4
    1983      11      13   290.6
    1983      11      14   290.9
    1983      11      15   292.1
    1983      11      16   292.7
    1983      11      17   289.7
    1983      11      18   288.2
    1983      11      19   289.2
    1983      11      20   291.3
    1983      11      21   292.8
    1983      11      22     290
    1983      11      23   289.7
    1983      11      24   289.5
    1983      11      25   289.7
    1983      11      26   289.6
    1983      11      27   291.5
    1983      11      28   290.3
    1983      11      29   290.1
    1983      11      30   290.5
    1983      12       1   288.8
    1983      12       2   286.2
    1983      12       3   285.3
    1983      12       4   284.3
    1983      12       5   284.8
    1983      12       6   285.4
    1983      12       7   285.3
    1983      12       8   284.1
    1983      12       9   286.1
    1983      12      10   285.7
    1983      12      11   284.2
    1983      12      12   283.5
    1983      12      13   281.9
    1983      12      14   282.5
    1983      12      15   284.9
    1983      12      16   286.8
    1983      12      17   285.3
    1983      12      18     288
    1983      12      19   289.5
    1983      12      20   288.1
    1983      12      21   287.1
    1983      12      22   285.6
    1983      12      23   287.7
    1983      12      24   287.8
    1983      12      25   287.7
    1983      12      26   288.4
    1983      12      27   286.4
    1983      12      28   284.6
    1983      12      29   284.8
    1983      12      30   285.9
    1983      12      31   286.8
    1984       1       1   286.4
    1984       1       2   286.9
    1984       1       3   285.2
    1984       1       4   283.7
    1984       1       5   280.5
    1984       1       6   282.7
    1984       1       7   286.6
    1984       1       8   286.9
    1984       1       9   283.5
    1984       1      10   279.6
    1984       1      11   279.8
    1984       1      12   282.9
    1984       1      13   284.8
    1984       1      14   285.5
    1984       1      15   286.1
    1984       1      16   284.6
    1984       1      17     286
    1984       1      18   286.4
    1984       1      19     286
    1984       1      20   286.3
    1984       1      21   285.8
    1984       1      22   286.2
    1984       1      23   287.9
    1984       1      24   287.6
    1984       1      25   285.2
    1984       1      26   286.4
    1984       1      27   283.8
    1984       1      28   281.8
    1984       1      29   282.2
    1984       1      30   282.6
    1984       1      31   284.8
    1984       2       1   286.6
    1984       2       2   285.3
    1984       2       3     283
    1984       2       4   286.5
    1984       2       5   287.8
    1984       2       6   286.3
    1984       2       7   286.7
    1984       2       8   288.9
    1984       2       9   286.9
    1984       2      10   283.1
    1984       2      11   282.8
    1984       2      12   283.4
    1984       2      13   285.4
    1984       2      14   282.2
    1984       2      15   282.6
    1984       2      16   282.5
    1984       2      17   283.5
    1984       2      18   284.5
    1984       2      19   285.7
    1984       2      20     285
    1984       2      21   285.5
    1984       2      22   283.4
    1984       2      23   283.2
    1984       2      24   281.9
    1984       2      25   280.7
    1984       2      26   282.9
    1984       2      27   284.9
    1984       2      28   286.5
    1984       3       1   282.8
    1984       3       2   282.1
    1984       3       3     285
    1984       3       4   283.8
    1984       3       5   282.4
    1984       3       6   283.5
    1984       3       7   284.6
    1984       3       8   285.4
    1984       3       9   282.4
    1984       3      10   281.3
    1984       3      11   281.4
    1984       3      12   282.6
    1984       3      13   284.9
    1984       3      14   283.4
    1984       3      15   283.2
    1984       3      16   283.4
    1984       3      17   284.1
    1984       3      18   285.7
    1984       3      19   285.7
    1984       3      20   287.1
    1984       3      21   286.9
    1984       3      22   286.4
    1984       3      23   285.4
    1984       3      24     286
    1984       3      25   287.5
    1984       3      26   286.4
    1984       3      27   285.8
    1984       3      28   287.7
    1984       3      29   286.5
    1984       3      30   288.7
    1984       3      31   290.7
    1984       4       1   286.8
    1984       4       2   289.2
    1984       4       3   288.8
    1984       4       4   289.2
    1984       4       5   287.6
    1984       4       6   288.5
    1984       4       7   288.6
    1984       4       8   288.6
    1984       4       9   289.2
    1984       4      10   292.4
    1984       4      11   293.2
    1984       4      12   290.9
    1984       4      13   290.5
    1984       4      14     290
    1984       4      15   287.7
    1984       4      16   288.5
    1984       4      17   288.7
    1984       4      18     287
    1984       4      19   288.4
    1984       4      20   288.9
    1984       4      21   288.7
    1984       4      22   291.3
    1984       4      23   292.2
    1984       4      24   292.2
    1984       4      25   291.8
    1984       4      26   290.3
    1984       4      27   291.2
    1984       4      28   293.3
    1984       4      29   292.8
    1984       4      30   290.2
    1984       5       1   289.9
    1984       5       2   290.7
    1984       5       3   287.8
    1984       5       4   289.5
    1984       5       5   291.9
    1984       5       6   293.3
    1984       5       7   291.9
    1984       5       8   290.7
    1984       5       9   288.3
    1984       5      10   288.8
    1984       5      11   288.7
    1984       5      12   288.5
    1984       5      13   289.5
    1984       5      14   289.5
    1984       5      15   288.1
    1984       5      16   288.5
    1984       5      17   288.7
    1984       5      18   289.2
    1984       5      19   289.6
    1984       5      20   288.2
    1984       5      21   288.3
    1984       5      22   288.4
    1984       5      23     289
    1984       5      24   289.4
    1984       5      25   290.3
    1984       5      26   292.6
    1984       5      27   291.5
    1984       5      28   292.3
    1984       5      29   291.5
    1984       5      30   290.2
    1984       5      31     290
    1984       6       1   293.3
    1984       6       2   295.6
    1984       6       3   290.3
    1984       6       4   292.7
    1984       6       5   291.1
    1984       6       6   291.5
    1984       6       7   291.5
    1984       6       8   293.1
    1984       6       9   293.6
    1984       6      10   294.5
    1984       6      11   294.5
    1984       6      12     293
    1984       6      13   294.3
    1984       6      14   294.6
    1984       6      15     295
    1984       6      16   297.5
    1984       6      17   299.2
    1984       6      18     297
    1984       6      19   298.5
    1984       6      20   300.1
    1984       6      21   298.7
    1984       6      22   298.3
    1984       6      23   297.2
    1984       6      24   296.9
    1984       6      25   296.5
    1984       6      26   296.4
    1984       6      27   297.4
    1984       6      28     300
    1984       6      29   299.1
    1984       6      30   299.8
    1984       7       1   301.1
    1984       7       2   302.2
    1984       7       3   298.4
    1984       7       4     297
    1984       7       5     296
    1984       7       6   296.5
    1984       7       7   298.4
    1984       7       8   302.2
    1984       7       9     305
    1984       7      10     306
    1984       7      11   304.4
    1984       7      12   302.9
    1984       7      13   302.9
    1984       7      14     300
    1984       7      15   300.8
    1984       7      16   300.9
    1984       7      17   298.7
    1984       7      18   298.3
    1984       7      19   300.6
    1984       7      20   302.4
    1984       7      21   304.1
    1984       7      22     304
    1984       7      23   304.1
    1984       7      24   306.6
    1984       7      25   305.9
    1984       7      26   302.4
    1984       7      27     299
    1984       7      28   298.1
    1984       7      29   298.9
    1984       7      30   301.7
    1984       7      31   302.5
    1984       8       1   299.6
    1984       8       2   298.7
    1984       8       3   301.8
    1984       8       4   302.3
    1984       8       5     300
    1984       8       6   297.5
    1984       8       7   298.4
    1984       8       8   300.4
    1984       8       9   296.9
    1984       8      10   296.9
    1984       8      11   298.2
    1984       8      12   298.4
    1984       8      13   298.5
    1984       8      14   300.2
    1984       8      15   300.9
    1984       8      16   300.9
    1984       8      17   299.5
    1984       8      18   297.5
    1984       8      19     299
    1984       8      20   299.9
    1984       8      21   299.9
    1984       8      22   298.8
    1984       8      23   298.3
    1984       8      24   298.5
    1984       8      25   300.7
    1984       8      26   300.4
    1984       8      27   298.9
    1984       8      28   296.9
    1984       8      29   296.7
    1984       8      30   296.6
    1984       8      31   297.7
    1984       9       1   299.6
    1984       9       2   300.7
    1984       9       3   302.4
    1984       9       4     302
    1984       9       5   300.1
    1984       9       6   296.5
    1984       9       7   296.2
    1984       9       8   297.9
    1984       9       9   297.9
    1984       9      10   298.4
    1984       9      11   296.9
    1984       9      12   295.8
    1984       9      13   297.2
    1984       9      14     298
    1984       9      15   299.1
    1984       9      16   298.3
    1984       9      17   297.3
    1984       9      18   298.9
    1984       9      19   295.3
    1984       9      20   295.9
    1984       9      21   298.9
    1984       9      22   298.1
    1984       9      23   297.9
    1984       9      24   296.1
    1984       9      25   293.3
    1984       9      26   293.8
    1984       9      27   296.2
    1984       9      28   297.8
    1984       9      29   294.7
    1984       9      30   293.4
    1984      10       1   295.1
    1984      10       2   294.2
    1984      10       3   294.4
    1984      10       4   295.8
    1984      10       5   290.7
    1984      10       6   289.7
    1984      10       7   288.6
    1984      10       8   288.5
    1984      10       9   290.1
    1984      10      10   290.3
    1984      10      11   292.3
    1984      10      12   293.6
    1984      10      13   292.3
    1984      10      14   290.4
    1984      10      15   290.4
    1984      10      16   291.7
    1984      10      17   291.8
    1984      10      18   292.1
    1984      10      19   293.4
    1984      10      20   293.3
    1984      10      21   291.6
    1984      10      22   291.2
    1984      10      23   291.4
    1984      10      24   291.7
    1984      10      25   292.7
    1984      10      26   292.9
    1984      10      27   291.8
    1984      10      28   291.6
    1984      10      29     291
    1984      10      30   289.4
    1984      10      31     291
    1984      11       1   292.2
    1984      11       2   291.8
    1984      11       3   288.9
    1984      11       4   290.8
    1984      11       5   290.3
    1984      11       6   288.6
    1984      11       7   292.6
    1984      11       8   293.7
    1984      11       9   292.4
    1984      11      10   290.9
    1984      11      11   291.1
    1984      11      12   289.6
    1984      11      13   288.8
    1984      11      14   286.6
    1984      11      15   287.1
    1984      11      16   290.1
    1984      11      17   290.8
    1984      11      18   290.8
    1984      11      19   289.6
    1984      11      20   287.3
    1984      11      21   288.1
    1984      11      22   290.1
    1984      11      23   290.9
    1984      11      24   291.2
    1984      11      25   291.2
    1984      11      26   291.3
    1984      11      27   287.8
    1984      11      28   286.5
    1984      11      29   286.8
    1984      11      30     289
    1984      12       1   287.6
    1984      12       2   285.3
    1984      12       3   286.3
    1984      12       4   287.5
    1984      12       5   286.1
    1984      12       6   286.6
    1984      12       7   287.4
    1984      12       8   287.6
    1984      12       9   287.4
    1984      12      10   287.2
    1984      12      11   286.3
    1984      12      12   286.7
    1984      12      13   288.4
    1984      12      14   286.8
    1984      12      15   287.3
    1984      12      16   289.3
    1984      12      17   288.7
    1984      12      18   286.8
    1984      12      19     284
    1984      12      20   283.9
    1984      12      21   286.3
    1984      12      22   286.1
    1984      12      23   284.7
    1984      12      24   284.4
    1984      12      25   283.2
    1984      12      26   283.2
    1984      12      27   281.7
    1984      12      28   281.6
    1984      12      29   280.4
    1984      12      30   280.2
    1984      12      31   281.6
    1985       1       1   282.6
    1985       1       2   283.8
    1985       1       3     284
    1985       1       4   284.9
    1985       1       5   286.9
    1985       1       6   282.8
    1985       1       7   279.9
    1985       1       8   278.3
    1985       1       9     278
    1985       1      10     280
    1985       1      11   280.8
    1985       1      12     281
    1985       1      13   279.2
    1985       1      14   279.6
    1985       1      15   276.6
    1985       1      16   277.1
    1985       1      17   281.8
    1985       1      18   286.1
    1985       1      19   283.9
    1985       1      20   287.6
    1985       1      21   288.8
    1985       1      22   289.7
    1985       1      23   288.6
    1985       1      24   284.8
    1985       1      25   283.4
    1985       1      26   285.4
    1985       1      27   283.7
    1985       1      28   285.3
    1985       1      29   286.5
    1985       1      30   286.2
    1985       1      31   286.5
    1985       2       1   286.5
    1985       2       2   287.9
    1985       2       3     287
    1985       2       4   285.4
    1985       2       5   288.1
    1985       2       6   288.1
    1985       2       7   291.3
    1985       2       8   287.5
    1985       2       9   289.3
    1985       2      10     288
    1985       2      11   288.2
    1985       2      12   288.8
    1985       2      13   287.1
    1985       2      14   289.2
    1985       2      15   291.5
    1985       2      16   291.3
    1985       2      17   290.1
    1985       2      18   286.8
    1985       2      19   285.7
    1985       2      20   284.8
    1985       2      21   285.3
    1985       2      22   284.1
    1985       2      23   282.5
    1985       2      24   283.5
    1985       2      25   285.6
    1985       2      26   286.2
    1985       2      27   286.1
    1985       2      28   286.4
    1985       3       1   288.6
    1985       3       2   284.1
    1985       3       3   286.2
    1985       3       4   285.5
    1985       3       5   281.8
    1985       3       6   281.8
    1985       3       7   283.8
    1985       3       8   283.8
    1985       3       9   284.3
    1985       3      10   284.8
    1985       3      11     284
    1985       3      12   283.2
    1985       3      13   281.5
    1985       3      14   282.5
    1985       3      15   284.8
    1985       3      16   287.1
    1985       3      17     286
    1985       3      18   285.5
    1985       3      19   287.2
    1985       3      20   285.1
    1985       3      21   287.9
    1985       3      22   289.3
    1985       3      23   287.4
    1985       3      24   287.6
    1985       3      25   287.1
    1985       3      26   288.6
    1985       3      27   288.9
    1985       3      28   285.7
    1985       3      29   283.4
    1985       3      30   285.4
    1985       3      31   290.1
    1985       4       1   291.4
    1985       4       2   292.5
    1985       4       3   292.3
    1985       4       4   293.3
    1985       4       5   289.9
    1985       4       6   290.7
    1985       4       7   292.1
    1985       4       8   294.6
    1985       4       9   290.2
    1985       4      10   287.2
    1985       4      11   287.5
    1985       4      12   289.2
    1985       4      13     289
    1985       4      14   288.8
    1985       4      15   286.4
    1985       4      16   288.2
    1985       4      17   289.4
    1985       4      18   290.9
    1985       4      19   290.6
    1985       4      20     290
    1985       4      21   289.9
    1985       4      22   288.8
    1985       4      23   288.7
    1985       4      24   288.8
    1985       4      25   288.4
    1985       4      26   289.2
    1985       4      27   290.8
    1985       4      28   288.8
    1985       4      29   290.5
    1985       4      30   292.1
    1985       5       1   293.6
    1985       5       2   295.4
    1985       5       3   293.5
    1985       5       4   290.6
    1985       5       5   289.9
    1985       5       6   286.9
    1985       5       7   286.7
    1985       5       8   289.2
    1985       5       9   290.8
    1985       5      10   291.7
    1985       5      11   288.1
    1985       5      12   288.4
    1985       5      13   289.8
    1985       5      14   290.2
    1985       5      15   289.5
    1985       5      16   290.5
    1985       5      17   290.5
    1985       5      18     291
    1985       5      19   291.6
    1985       5      20   291.3
    1985       5      21   293.1
    1985       5      22   295.2
    1985       5      23   292.5
    1985       5      24   292.2
    1985       5      25   293.9
    1985       5      26   293.9
    1985       5      27     293
    1985       5      28   293.9
    1985       5      29   294.5
    1985       5      30   295.7
    1985       5      31   296.4
    1985       6       1   295.6
    1985       6       2   294.4
    1985       6       3   294.4
    1985       6       4   295.9
    1985       6       5   297.4
    1985       6       6   297.2
    1985       6       7   296.1
    1985       6       8   295.8
    1985       6       9   294.6
    1985       6      10   295.4
    1985       6      11   295.9
    1985       6      12   298.5
    1985       6      13     301
    1985       6      14   299.8
    1985       6      15   298.1
    1985       6      16   298.8
    1985       6      17   298.5
    1985       6      18   298.6
    1985       6      19   298.8
    1985       6      20   297.1
    1985       6      21   298.3
    1985       6      22   299.5
    1985       6      23   299.2
    1985       6      24   300.6
    1985       6      25   298.9
    1985       6      26   298.4
    1985       6      27   299.2
    1985       6      28   298.4
    1985       6      29   299.6
    1985       6      30   300.5
    1985       7       1   300.8
    1985       7       2   299.2
    1985       7       3   295.9
    1985       7       4   299.2
    1985       7       5   300.2
    1985       7       6     300
    1985       7       7   299.6
    1985       7       8   302.2
    1985       7       9   304.3
    1985       7      10   300.8
    1985       7      11   299.9
    1985       7      12   300.6
    1985       7      13   301.5
    1985       7      14   302.3
    1985       7      15   302.8
    1985       7      16   302.5
    1985       7      17   300.9
    1985       7      18   301.3
    1985       7      19   302.5
    1985       7      20   302.8
    1985       7      21   300.9
    1985       7      22     299
    1985       7      23   300.6
    1985       7      24   301.1
    1985       7      25   301.8
    1985       7      26   303.7
    1985       7      27   302.8
    1985       7      28   303.6
    1985       7      29   302.1
    1985       7      30   301.5
    1985       7      31   300.6
    1985       8       1     299
    1985       8       2   297.7
    1985       8       3   300.7
    1985       8       4   303.9
    1985       8       5   306.6
    1985       8       6   299.6
    1985       8       7   296.1
    1985       8       8   297.6
    1985       8       9   300.5
    1985       8      10   302.3
    1985       8      11   301.3
    1985       8      12   301.7
    1985       8      13     302
    1985       8      14   302.6
    1985       8      15   303.3
    1985       8      16   303.4
    1985       8      17     301
    1985       8      18   300.9
    1985       8      19   303.6
    1985       8      20   303.1
    1985       8      21   301.8
    1985       8      22   301.9
    1985       8      23   302.2
    1985       8      24   302.7
    1985       8      25   301.7
    1985       8      26   297.2
    1985       8      27   296.7
    1985       8      28     297
    1985       8      29   298.7
    1985       8      30   299.6
    1985       8      31   300.1
    1985       9       1   301.5
    1985       9       2   301.9
    1985       9       3   303.1
    1985       9       4   302.3
    1985       9       5   299.5
    1985       9       6   298.9
    1985       9       7   298.8
    1985       9       8   300.5
    1985       9       9   301.1
    1985       9      10   300.5
    1985       9      11   299.4
    1985       9      12   298.6
    1985       9      13   298.7
    1985       9      14   299.1
    1985       9      15   300.3
    1985       9      16   298.3
    1985       9      17   295.1
    1985       9      18   295.4
    1985       9      19   296.6
    1985       9      20     297
    1985       9      21   296.3
    1985       9      22   296.1
    1985       9      23   295.9
    1985       9      24   296.2
    1985       9      25   296.9
    1985       9      26   295.8
    1985       9      27   296.1
    1985       9      28   296.9
    1985       9      29   297.5
    1985       9      30   296.3
    1985      10       1   297.5
    1985      10       2   299.2
    1985      10       3   299.3
    1985      10       4   299.3
    1985      10       5   297.9
    1985      10       6   295.8
    1985      10       7   295.2
    1985      10       8   296.4
    1985      10       9   295.9
    1985      10      10   294.3
    1985      10      11   294.1
    1985      10      12   294.3
    1985      10      13   294.5
    1985      10      14   294.3
    1985      10      15     294
    1985      10      16   295.3
    1985      10      17   294.3
    1985      10      18     294
    1985      10      19   294.2
    1985      10      20   294.4
    1985      10      21   292.8
    1985      10      22     293
    1985      10      23   293.2
    1985      10      24   292.4
    1985      10      25   291.8
    1985      10      26     292
    1985      10      27   290.3
    1985      10      28   290.4
    1985      10      29   289.7
    1985      10      30   290.6
    1985      10      31     292
    1985      11       1   293.3
    1985      11       2     292
    1985      11       3   291.1
    1985      11       4   291.5
    1985      11       5     294
    1985      11       6   294.9
    1985      11       7   295.4
    1985      11       8   295.4
    1985      11       9   296.5
    1985      11      10   295.7
    1985      11      11   294.9
    1985      11      12   292.8
    1985      11      13   287.6
    1985      11      14   286.9
    1985      11      15   287.8
    1985      11      16   288.3
    1985      11      17     286
    1985      11      18   284.5
    1985      11      19   283.2
    1985      11      20   282.5
    1985      11      21   282.8
    1985      11      22   281.8
    1985      11      23   282.6
    1985      11      24   283.1
    1985      11      25     287
    1985      11      26   289.1
    1985      11      27   287.2
    1985      11      28   283.9
    1985      11      29     285
    1985      11      30   288.3
    1985      12       1   288.8
    1985      12       2   288.2
    1985      12       3   286.9
    1985      12       4   287.4
    1985      12       5   288.2
    1985      12       6   286.6
    1985      12       7   286.2
    1985      12       8   286.4
    1985      12       9   284.7
    1985      12      10   283.4
    1985      12      11   284.1
    1985      12      12   284.7
    1985      12      13   284.4
    1985      12      14     284
    1985      12      15   284.2
    1985      12      16   285.5
    1985      12      17   287.1
    1985      12      18   286.9
    1985      12      19   286.2
    1985      12      20   285.8
    1985      12      21   284.8
    1985      12      22     286
    1985      12      23   284.3
    1985      12      24   285.4
    1985      12      25   288.7
    1985      12      26   286.9
    1985      12      27   287.4
    1985      12      28   289.7
    1985      12      29   289.6
    1985      12      30   285.1
    1985      12      31   282.5
    1986       1       1   285.3
    1986       1       2   288.9
    1986       1       3   285.3
    1986       1       4   283.3
    1986       1       5   283.3
    1986       1       6   283.6
    1986       1       7   283.9
    1986       1       8   284.8
    1986       1       9   284.7
    1986       1      10     284
    1986       1      11   285.3
    1986       1      12   286.3
    1986       1      13   284.2
    1986       1      14   285.5
    1986       1      15   286.6
    1986       1      16   286.4
    1986       1      17   284.2
    1986       1      18     284
    1986       1      19   285.3
    1986       1      20   285.8
    1986       1      21   285.6
    1986       1      22   284.4
    1986       1      23   284.6
    1986       1      24   286.9
    1986       1      25   283.5
    1986       1      26   281.4
    1986       1      27   283.2
    1986       1      28     284
    1986       1      29   282.4
    1986       1      30   283.9
    1986       1      31   280.6
    1986       2       1   283.3
    1986       2       2   283.1
    1986       2       3   284.4
    1986       2       4   282.9
    1986       2       5   282.5
    1986       2       6   282.1
    1986       2       7   281.8
    1986       2       8   284.2
    1986       2       9   281.6
    1986       2      10   281.5
    1986       2      11   281.4
    1986       2      12   281.7
    1986       2      13     285
    1986       2      14   287.7
    1986       2      15   287.2
    1986       2      16   287.9
    1986       2      17   285.7
    1986       2      18   286.5
    1986       2      19   284.7
    1986       2      20   285.5
    1986       2      21   285.1
    1986       2      22   285.2
    1986       2      23     288
    1986       2      24   289.2
    1986       2      25     287
    1986       2      26   287.3
    1986       2      27   287.6
    1986       2      28   288.6
    1986       3       1   290.4
    1986       3       2   288.7
    1986       3       3   287.7
    1986       3       4   288.5
    1986       3       5   287.3
    1986       3       6   287.5
    1986       3       7     286
    1986       3       8   284.1
    1986       3       9   284.3
    1986       3      10   284.8
    1986       3      11   283.4
    1986       3      12   286.1
    1986       3      13   285.2
    1986       3      14   283.2
    1986       3      15   284.6
    1986       3      16     286
    1986       3      17   286.4
    1986       3      18   287.8
    1986       3      19   287.1
    1986       3      20     285
    1986       3      21   285.1
    1986       3      22   284.3
    1986       3      23   286.6
    1986       3      24   290.1
    1986       3      25   287.4
    1986       3      26   283.9
    1986       3      27   286.7
    1986       3      28   288.9
    1986       3      29   287.4
    1986       3      30   287.5
    1986       3      31   290.1
    1986       4       1   291.6
    1986       4       2   291.4
    1986       4       3   288.9
    1986       4       4   288.2
    1986       4       5   289.8
    1986       4       6     291
    1986       4       7   286.3
    1986       4       8   283.2
    1986       4       9   283.5
    1986       4      10   286.5
    1986       4      11   286.9
    1986       4      12   286.3
    1986       4      13   282.3
    1986       4      14   286.4
    1986       4      15   288.3
    1986       4      16   287.4
    1986       4      17   287.9
    1986       4      18   285.6
    1986       4      19   285.7
    1986       4      20   288.4
    1986       4      21   289.7
    1986       4      22   290.3
    1986       4      23   289.5
    1986       4      24   288.8
    1986       4      25   288.8
    1986       4      26   286.1
    1986       4      27   285.9
    1986       4      28   287.9
    1986       4      29   288.6
    1986       4      30   289.2
    1986       5       1   288.7
    1986       5       2   291.5
    1986       5       3   291.1
    1986       5       4   288.9
    1986       5       5   289.9
    1986       5       6     292
    1986       5       7   292.2
    1986       5       8   292.4
    1986       5       9   292.5
    1986       5      10     293
    1986       5      11   293.8
    1986       5      12     295
    1986       5      13   296.7
    1986       5      14   297.3
    1986       5      15   294.9
    1986       5      16   297.3
    1986       5      17   298.5
    1986       5      18     298
    1986       5      19   297.3
    1986       5      20   298.2
    1986       5      21   297.4
    1986       5      22   295.9
    1986       5      23   297.1
    1986       5      24   298.3
    1986       5      25   296.9
    1986       5      26     298
    1986       5      27   298.6
    1986       5      28   297.1
    1986       5      29   294.2
    1986       5      30   289.7
    1986       5      31   289.8
    1986       6       1   292.2
    1986       6       2   293.3
    1986       6       3   294.3
    1986       6       4   295.3
    1986       6       5   296.6
    1986       6       6   296.3
    1986       6       7   292.3
    1986       6       8   292.6
    1986       6       9   294.3
    1986       6      10   295.3
    1986       6      11   297.5
    1986       6      12   298.4
    1986       6      13     295
    1986       6      14   293.2
    1986       6      15     294
    1986       6      16   296.3
    1986       6      17   298.2
    1986       6      18   297.8
    1986       6      19   297.9
    1986       6      20   299.7
    1986       6      21     298
    1986       6      22   296.6
    1986       6      23   297.7
    1986       6      24   300.2
    1986       6      25     301
    1986       6      26   301.8
    1986       6      27     302
    1986       6      28   301.9
    1986       6      29   300.8
    1986       6      30   298.7
    1986       7       1   298.3
    1986       7       2   299.6
    1986       7       3   300.2
    1986       7       4   298.5
    1986       7       5   299.4
    1986       7       6   303.2
    1986       7       7   302.9
    1986       7       8     301
    1986       7       9     303
    1986       7      10     301
    1986       7      11   299.9
    1986       7      12   300.8
    1986       7      13     297
    1986       7      14     295
    1986       7      15   295.7
    1986       7      16   296.1
    1986       7      17   297.3
    1986       7      18   298.9
    1986       7      19   297.3
    1986       7      20   297.4
    1986       7      21   298.8
    1986       7      22   301.6
    1986       7      23   303.8
    1986       7      24   303.3
    1986       7      25   301.3
    1986       7      26   297.8
    1986       7      27   297.4
    1986       7      28   298.8
    1986       7      29   301.5
    1986       7      30   302.8
    1986       7      31   304.8
    1986       8       1   303.7
    1986       8       2   304.4
    1986       8       3     302
    1986       8       4     303
    1986       8       5   301.1
    1986       8       6   300.6
    1986       8       7   301.5
    1986       8       8     302
    1986       8       9   302.9
    1986       8      10   303.5
    1986       8      11   302.5
    1986       8      12   301.5
    1986       8      13     302
    1986       8      14   302.3
    1986       8      15   303.2
    1986       8      16   305.2
    1986       8      17   305.4
    1986       8      18   303.2
    1986       8      19   301.8
    1986       8      20   301.5
    1986       8      21   303.2
    1986       8      22   305.2
    1986       8      23   304.6
    1986       8      24   300.6
    1986       8      25   300.4
    1986       8      26   301.7
    1986       8      27   300.1
    1986       8      28   300.8
    1986       8      29   297.7
    1986       8      30   296.9
    1986       8      31   297.3
    1986       9       1   296.1
    1986       9       2   297.4
    1986       9       3   298.7
    1986       9       4   299.6
    1986       9       5   299.2
    1986       9       6   299.7
    1986       9       7   299.5
    1986       9       8     299
    1986       9       9   298.6
    1986       9      10   297.6
    1986       9      11   298.4
    1986       9      12   296.7
    1986       9      13   297.8
    1986       9      14   300.3
    1986       9      15   301.4
    1986       9      16   302.1
    1986       9      17   301.3
    1986       9      18   301.9
    1986       9      19   300.8
    1986       9      20   298.9
    1986       9      21   298.9
    1986       9      22   297.9
    1986       9      23   299.2
    1986       9      24   299.3
    1986       9      25   294.9
    1986       9      26   294.6
    1986       9      27   293.5
    1986       9      28   293.3
    1986       9      29     292
    1986       9      30   293.2
    1986      10       1   294.2
    1986      10       2   295.9
    1986      10       3   296.5
    1986      10       4   296.3
    1986      10       5   295.1
    1986      10       6   294.4
    1986      10       7   294.6
    1986      10       8   295.3
    1986      10       9   294.6
    1986      10      10   295.5
    1986      10      11     295
    1986      10      12   294.9
    1986      10      13     296
    1986      10      14   295.6
    1986      10      15   294.9
    1986      10      16   293.8
    1986      10      17   292.3
    1986      10      18   291.8
    1986      10      19   292.2
    1986      10      20   292.7
    1986      10      21   294.1
    1986      10      22   295.3
    1986      10      23   294.3
    1986      10      24   290.7
    1986      10      25   292.8
    1986      10      26   291.6
    1986      10      27   289.9
    1986      10      28   289.7
    1986      10      29   290.8
    1986      10      30   291.6
    1986      10      31   290.4
    1986      11       1   290.3
    1986      11       2   292.2
    1986      11       3   289.6
    1986      11       4   287.8
    1986      11       5   287.7
    1986      11       6   287.8
    1986      11       7   289.3
    1986      11       8   290.5
    1986      11       9   289.8
    1986      11      10   290.4
    1986      11      11   291.3
    1986      11      12   290.7
    1986      11      13   289.7
    1986      11      14   291.9
    1986      11      15   291.3
    1986      11      16   289.7
    1986      11      17   289.4
    1986      11      18   288.6
    1986      11      19   287.3
    1986      11      20   288.3
    1986      11      21   289.3
    1986      11      22   290.2
    1986      11      23   288.9
    1986      11      24   287.6
    1986      11      25     288
    1986      11      26   287.3
    1986      11      27   286.5
    1986      11      28   286.5
    1986      11      29   285.9
    1986      11      30   285.7
    1986      12       1   285.7
    1986      12       2   285.3
    1986      12       3   286.7
    1986      12       4   286.7
    1986      12       5   286.8
    1986      12       6   286.7
    1986      12       7   287.5
    1986      12       8   287.5
    1986      12       9   285.4
    1986      12      10   283.3
    1986      12      11   283.8
    1986      12      12   285.7
    1986      12      13     286
    1986      12      14   285.9
    1986      12      15     285
    1986      12      16   286.5
    1986      12      17   284.5
    1986      12      18   285.6
    1986      12      19   287.4
    1986      12      20   285.6
    1986      12      21   286.8
    1986      12      22   284.5
    1986      12      23   279.4
    1986      12      24   278.6
    1986      12      25   280.2
    1986      12      26   284.5
    1986      12      27   287.2
    1986      12      28   284.6
    1986      12      29   284.8
    1986      12      30   285.4
    1986      12      31   285.2
    1987       1       1   286.6
    1987       1       2   286.8
    1987       1       3   285.7
    1987       1       4   283.1
    1987       1       5   283.5
    1987       1       6   284.6
    1987       1       7   285.2
    1987       1       8   283.5
    1987       1       9   284.8
    1987       1      10   286.3
    1987       1      11     283
    1987       1      12   285.8
    1987       1      13     289
    1987       1      14     281
    1987       1      15   279.7
    1987       1      16   280.1
    1987       1      17   279.5
    1987       1      18     280
    1987       1      19   281.1
    1987       1      20     282
    1987       1      21   283.9
    1987       1      22   285.8
    1987       1      23   285.4
    1987       1      24   284.2
    1987       1      25   282.9
    1987       1      26   286.8
    1987       1      27   290.8
    1987       1      28     290
    1987       1      29     290
    1987       1      30   286.4
    1987       1      31   285.2
    1987       2       1   285.8
    1987       2       2   287.3
    1987       2       3   288.3
    1987       2       4   285.2
    1987       2       5   284.3
    1987       2       6   285.4
    1987       2       7   285.6
    1987       2       8   287.3
    1987       2       9   287.9
    1987       2      10   285.5
    1987       2      11   287.2
    1987       2      12     284
    1987       2      13   283.2
    1987       2      14   286.6
    1987       2      15   285.5
    1987       2      16   284.5
    1987       2      17   286.5
    1987       2      18   284.6
    1987       2      19   277.9
    1987       2      20   279.5
    1987       2      21   282.1
    1987       2      22   281.5
    1987       2      23   281.9
    1987       2      24   285.9
    1987       2      25   287.1
    1987       2      26   284.6
    1987       2      27   286.9
    1987       2      28     290
    1987       3       1   291.8
    1987       3       2   293.2
    1987       3       3   291.5
    1987       3       4   289.7
    1987       3       5   290.5
    1987       3       6   287.5
    1987       3       7     288
    1987       3       8   290.6
    1987       3       9   289.5
    1987       3      10   288.6
    1987       3      11   287.2
    1987       3      12   287.5
    1987       3      13     286
    1987       3      14   284.4
    1987       3      15   283.5
    1987       3      16   284.4
    1987       3      17   285.5
    1987       3      18   286.3
    1987       3      19   287.9
    1987       3      20   285.4
    1987       3      21   285.1
    1987       3      22   285.4
    1987       3      23   286.2
    1987       3      24   287.8
    1987       3      25   290.1
    1987       3      26   289.7
    1987       3      27   290.4
    1987       3      28   291.4
    1987       3      29   284.8
    1987       3      30   281.1
    1987       3      31     284
    1987       4       1   285.6
    1987       4       2   287.7
    1987       4       3   288.4
    1987       4       4   287.2
    1987       4       5   289.9
    1987       4       6   290.6
    1987       4       7   292.7
    1987       4       8   293.1
    1987       4       9   290.3
    1987       4      10     287
    1987       4      11   287.1
    1987       4      12   288.1
    1987       4      13   288.3
    1987       4      14   286.1
    1987       4      15     285
    1987       4      16   286.8
    1987       4      17     289
    1987       4      18   290.9
    1987       4      19   292.1
    1987       4      20   293.4
    1987       4      21     294
    1987       4      22   295.3
    1987       4      23   293.9
    1987       4      24   293.4
    1987       4      25   291.2
    1987       4      26   293.2
    1987       4      27   294.7
    1987       4      28   294.1
    1987       4      29   293.5
    1987       4      30     293
    1987       5       1   292.2
    1987       5       2   291.7
    1987       5       3   294.2
    1987       5       4   288.9
    1987       5       5   286.8
    1987       5       6   287.1
    1987       5       7   290.8
    1987       5       8   291.9
    1987       5       9   293.4
    1987       5      10     295
    1987       5      11   293.5
    1987       5      12   293.8
    1987       5      13   294.5
    1987       5      14   290.8
    1987       5      15   292.6
    1987       5      16   293.2
    1987       5      17   291.1
    1987       5      18     292
    1987       5      19   293.1
    1987       5      20   291.2
    1987       5      21   291.3
    1987       5      22   293.3
    1987       5      23   292.3
    1987       5      24   292.5
    1987       5      25   294.4
    1987       5      26   294.2
    1987       5      27   294.7
    1987       5      28   292.7
    1987       5      29   292.1
    1987       5      30   292.9
    1987       5      31   296.1
    1987       6       1     297
    1987       6       2   296.2
    1987       6       3   298.9
    1987       6       4   298.8
    1987       6       5   298.7
    1987       6       6   298.8
    1987       6       7   301.2
    1987       6       8     297
    1987       6       9   293.7
    1987       6      10   294.6
    1987       6      11   296.8
    1987       6      12   298.2
    1987       6      13   298.2
    1987       6      14   298.2
    1987       6      15   293.9
    1987       6      16     295
    1987       6      17     295
    1987       6      18   296.1
    1987       6      19   298.2
    1987       6      20   298.1
    1987       6      21   296.5
    1987       6      22   295.6
    1987       6      23   295.3
    1987       6      24   295.9
    1987       6      25   297.2
    1987       6      26   297.7
    1987       6      27   297.5
    1987       6      28   297.4
    1987       6      29   296.8
    1987       6      30   296.6
    1987       7       1   297.9
    1987       7       2   299.4
    1987       7       3   300.1
    1987       7       4   299.1
    1987       7       5   299.9
    1987       7       6   299.6
    1987       7       7     300
    1987       7       8   299.6
    1987       7       9   299.3
    1987       7      10   298.7
    1987       7      11   299.7
    1987       7      12   299.6
    1987       7      13   298.8
    1987       7      14   299.9
    1987       7      15   300.3
    1987       7      16   300.4
    1987       7      17   301.5
    1987       7      18   301.6
    1987       7      19   300.8
    1987       7      20     300
    1987       7      21   299.9
    1987       7      22   299.1
    1987       7      23   299.9
    1987       7      24   298.8
    1987       7      25   297.9
    1987       7      26     296
    1987       7      27   296.1
    1987       7      28   297.7
    1987       7      29     300
    1987       7      30   298.7
    1987       7      31   296.6
    1987       8       1   296.8
    1987       8       2   298.7
    1987       8       3     300
    1987       8       4   302.2
    1987       8       5   302.4
    1987       8       6   300.7
    1987       8       7   299.8
    1987       8       8   300.1
    1987       8       9   300.8
    1987       8      10   300.8
    1987       8      11   302.9
    1987       8      12   303.3
    1987       8      13   303.7
    1987       8      14   303.5
    1987       8      15   305.1
    1987       8      16   304.9
    1987       8      17   303.9
    1987       8      18   301.4
    1987       8      19   300.3
    1987       8      20     301
    1987       8      21   301.3
    1987       8      22   302.9
    1987       8      23   303.6
    1987       8      24   300.9
    1987       8      25   297.8
    1987       8      26   299.3
    1987       8      27   302.7
    1987       8      28   300.9
    1987       8      29     301
    1987       8      30   300.9
    1987       8      31   300.4
    1987       9       1   299.7
    1987       9       2   299.3
    1987       9       3   300.1
    1987       9       4   300.4
    1987       9       5   300.1
    1987       9       6   298.6
    1987       9       7   297.7
    1987       9       8   299.3
    1987       9       9   300.6
    1987       9      10   300.1
    1987       9      11   298.8
    1987       9      12   299.7
    1987       9      13     300
    1987       9      14   299.8
    1987       9      15   299.7
    1987       9      16   299.1
    1987       9      17   298.8
    1987       9      18   298.8
    1987       9      19   300.3
    1987       9      20   301.5
    1987       9      21   301.9
    1987       9      22   300.9
    1987       9      23   301.6
    1987       9      24   299.6
    1987       9      25     301
    1987       9      26   301.1
    1987       9      27   299.8
    1987       9      28   298.5
    1987       9      29   297.2
    1987       9      30   296.5
    1987      10       1   295.3
    1987      10       2   296.4
    1987      10       3   296.3
    1987      10       4   296.9
    1987      10       5   297.1
    1987      10       6   293.8
    1987      10       7   293.2
    1987      10       8   294.5
    1987      10       9   294.5
    1987      10      10   294.2
    1987      10      11   287.2
    1987      10      12   292.4
    1987      10      13   292.6
    1987      10      14   292.6
    1987      10      15   294.8
    1987      10      16   296.5
    1987      10      17   291.9
    1987      10      18     293
    1987      10      19   295.2
    1987      10      20   294.3
    1987      10      21   290.6
    1987      10      22   291.9
    1987      10      23     295
    1987      10      24   295.4
    1987      10      25   296.7
    1987      10      26   299.3
    1987      10      27   297.5
    1987      10      28   293.2
    1987      10      29   291.5
    1987      10      30   292.1
    1987      10      31   293.3
    1987      11       1   292.6
    1987      11       2   293.7
    1987      11       3   294.4
    1987      11       4   293.2
    1987      11       5   291.5
    1987      11       6     290
    1987      11       7   291.5
    1987      11       8   291.1
    1987      11       9     290
    1987      11      10   288.7
    1987      11      11   289.4
    1987      11      12   289.6
    1987      11      13   289.5
    1987      11      14   287.7
    1987      11      15   285.5
    1987      11      16     287
    1987      11      17   288.3
    1987      11      18   288.6
    1987      11      19   287.8
    1987      11      20   289.6
    1987      11      21   287.4
    1987      11      22   286.1
    1987      11      23   286.8
    1987      11      24   283.2
    1987      11      25   284.7
    1987      11      26   284.4
    1987      11      27   283.8
    1987      11      28   282.8
    1987      11      29     283
    1987      11      30   283.7
    1987      12       1   283.4
    1987      12       2   285.1
    1987      12       3   291.3
    1987      12       4   293.1
    1987      12       5   288.9
    1987      12       6   287.4
    1987      12       7   288.8
    1987      12       8   289.2
    1987      12       9   287.3
    1987      12      10   286.4
    1987      12      11   289.5
    1987      12      12   289.9
    1987      12      13   289.2
    1987      12      14   288.4
    1987      12      15   288.9
    1987      12      16   290.2
    1987      12      17   290.2
    1987      12      18   290.4
    1987      12      19   289.2
    1987      12      20     288
    1987      12      21   288.4
    1987      12      22   288.1
    1987      12      23   285.9
    1987      12      24   285.5
    1987      12      25   285.2
    1987      12      26   285.2
    1987      12      27   284.5
    1987      12      28   284.2
    1987      12      29   284.5
    1987      12      30   284.6
    1987      12      31   284.4
    1988       1       1   284.3
    1988       1       2   284.1
    1988       1       3   286.5
    1988       1       4     286
    1988       1       5   286.6
    1988       1       6   287.9
    1988       1       7   282.8
    1988       1       8   281.7
    1988       1       9   284.8
    1988       1      10     287
    1988       1      11   287.6
    1988       1      12   285.4
    1988       1      13   285.3
    1988       1      14   286.6
    1988       1      15   287.4
    1988       1      16   288.1
    1988       1      17   289.1
    1988       1      18   286.8
    1988       1      19     286
    1988       1      20   284.4
    1988       1      21   283.9
    1988       1      22   285.2
    1988       1      23   287.2
    1988       1      24   286.2
    1988       1      25   287.8
    1988       1      26   287.8
    1988       1      27   288.6
    1988       1      28   288.3
    1988       1      29   287.1
    1988       1      30   287.7
    1988       1      31   285.6
    1988       2       1   287.6
    1988       2       2   285.3
    1988       2       3   285.1
    1988       2       4   285.2
    1988       2       5   286.3
    1988       2       6   286.8
    1988       2       7   282.6
    1988       2       8   282.7
    1988       2       9   286.9
    1988       2      10     286
    1988       2      11   285.8
    1988       2      12   285.2
    1988       2      13   285.3
    1988       2      14   284.8
    1988       2      15   285.9
    1988       2      16   286.5
    1988       2      17   286.4
    1988       2      18     285
    1988       2      19   285.2
    1988       2      20   285.9
    1988       2      21   285.5
    1988       2      22   284.6
    1988       2      23   285.9
    1988       2      24   286.5
    1988       2      25   282.9
    1988       2      26   280.3
    1988       2      27   279.6
    1988       2      28   280.3
    1988       3       1     283
    1988       3       2   283.1
    1988       3       3   283.1
    1988       3       4   284.4
    1988       3       5   282.8
    1988       3       6   281.5
    1988       3       7   284.7
    1988       3       8   286.2
    1988       3       9     285
    1988       3      10   284.2
    1988       3      11   283.5
    1988       3      12   286.2
    1988       3      13   289.6
    1988       3      14   290.7
    1988       3      15   287.3
    1988       3      16   288.5
    1988       3      17   290.6
    1988       3      18   290.4
    1988       3      19   291.6
    1988       3      20   292.5
    1988       3      21   293.1
    1988       3      22   287.4
    1988       3      23   287.3
    1988       3      24   289.2
    1988       3      25   291.3
    1988       3      26   293.9
    1988       3      27   289.7
    1988       3      28   287.7
    1988       3      29   290.3
    1988       3      30   287.4
    1988       3      31   286.8
    1988       4       1   287.5
    1988       4       2   288.8
    1988       4       3   286.7
    1988       4       4   285.5
    1988       4       5   286.5
    1988       4       6   284.9
    1988       4       7   286.1
    1988       4       8   288.7
    1988       4       9   289.3
    1988       4      10   289.7
    1988       4      11   289.3
    1988       4      12   291.4
    1988       4      13     292
    1988       4      14   292.9
    1988       4      15   292.7
    1988       4      16   293.7
    1988       4      17   292.3
    1988       4      18   292.4
    1988       4      19   292.3
    1988       4      20     290
    1988       4      21   290.6
    1988       4      22   290.8
    1988       4      23   290.8
    1988       4      24   289.7
    1988       4      25   289.7
    1988       4      26   287.1
    1988       4      27   287.3
    1988       4      28     288
    1988       4      29   290.2
    1988       4      30     290
    1988       5       1   292.7
    1988       5       2   289.7
    1988       5       3   289.2
    1988       5       4     291
    1988       5       5   292.4
    1988       5       6   293.5
    1988       5       7   291.9
    1988       5       8   291.9
    1988       5       9   293.7
    1988       5      10   291.6
    1988       5      11   290.2
    1988       5      12   289.2
    1988       5      13   288.9
    1988       5      14   289.7
    1988       5      15     291
    1988       5      16   291.9
    1988       5      17     294
    1988       5      18   294.3
    1988       5      19   293.1
    1988       5      20   293.6
    1988       5      21   292.2
    1988       5      22   293.8
    1988       5      23   292.8
    1988       5      24   292.7
    1988       5      25   292.4
    1988       5      26   294.1
    1988       5      27   293.7
    1988       5      28   293.4
    1988       5      29   295.3
    1988       5      30   296.9
    1988       5      31   295.6
    1988       6       1   295.7
    1988       6       2   295.1
    1988       6       3   296.7
    1988       6       4   296.6
    1988       6       5   293.1
    1988       6       6     293
    1988       6       7   292.4
    1988       6       8   292.3
    1988       6       9   293.7
    1988       6      10     295
    1988       6      11   293.3
    1988       6      12     295
    1988       6      13   294.5
    1988       6      14   293.7
    1988       6      15   294.7
    1988       6      16   293.6
    1988       6      17   293.6
    1988       6      18   294.5
    1988       6      19     295
    1988       6      20     296
    1988       6      21   296.9
    1988       6      22   297.6
    1988       6      23   298.8
    1988       6      24   295.7
    1988       6      25   295.6
    1988       6      26   294.4
    1988       6      27     293
    1988       6      28   293.6
    1988       6      29   294.8
    1988       6      30   298.1
    1988       7       1   296.5
    1988       7       2   297.7
    1988       7       3     298
    1988       7       4   297.1
    1988       7       5   296.9
    1988       7       6   296.6
    1988       7       7   298.8
    1988       7       8   300.5
    1988       7       9   299.8
    1988       7      10   299.6
    1988       7      11   301.1
    1988       7      12   302.8
    1988       7      13   303.5
    1988       7      14   303.4
    1988       7      15   299.3
    1988       7      16   297.5
    1988       7      17   298.4
    1988       7      18   300.3
    1988       7      19     302
    1988       7      20   299.9
    1988       7      21   299.9
    1988       7      22     300
    1988       7      23   300.8
    1988       7      24   301.8
    1988       7      25   300.4
    1988       7      26     302
    1988       7      27   304.1
    1988       7      28   302.4
    1988       7      29   304.6
    1988       7      30     302
    1988       7      31     300
    1988       8       1   301.8
    1988       8       2   303.8
    1988       8       3   305.1
    1988       8       4   301.4
    1988       8       5   300.8
    1988       8       6   301.1
    1988       8       7   301.7
    1988       8       8   302.2
    1988       8       9   301.8
    1988       8      10   302.8
    1988       8      11   302.7
    1988       8      12     302
    1988       8      13   300.8
    1988       8      14   300.8
    1988       8      15   300.6
    1988       8      16   301.6
    1988       8      17   301.8
    1988       8      18     301
    1988       8      19   302.7
    1988       8      20   304.4
    1988       8      21   302.5
    1988       8      22   297.9
    1988       8      23   298.1
    1988       8      24   300.3
    1988       8      25   301.5
    1988       8      26   299.8
    1988       8      27     301
    1988       8      28   305.2
    1988       8      29   304.3
    1988       8      30   301.8
    1988       8      31   301.7
    1988       9       1   300.3
    1988       9       2   298.7
    1988       9       3   300.2
    1988       9       4   300.7
    1988       9       5   299.7
    1988       9       6   299.9
    1988       9       7   301.2
    1988       9       8   301.4
    1988       9       9   299.4
    1988       9      10   300.1
    1988       9      11   299.2
    1988       9      12   298.9
    1988       9      13   300.3
    1988       9      14   297.3
    1988       9      15   292.3
    1988       9      16   291.1
    1988       9      17     292
    1988       9      18     292
    1988       9      19   293.1
    1988       9      20   294.2
    1988       9      21   294.8
    1988       9      22   296.8
    1988       9      23   298.2
    1988       9      24     298
    1988       9      25     297
    1988       9      26   295.8
    1988       9      27   295.9
    1988       9      28   296.6
    1988       9      29   297.6
    1988       9      30   296.5
    1988      10       1   294.8
    1988      10       2   296.1
    1988      10       3   297.6
    1988      10       4   297.4
    1988      10       5   298.5
    1988      10       6   298.6
    1988      10       7   298.6
    1988      10       8   297.9
    1988      10       9   297.9
    1988      10      10   298.1
    1988      10      11   296.1
    1988      10      12   292.7
    1988      10      13   291.9
    1988      10      14   293.6
    1988      10      15   296.2
    1988      10      16   297.5
    1988      10      17     297
    1988      10      18   293.3
    1988      10      19   293.3
    1988      10      20   290.7
    1988      10      21   291.8
    1988      10      22   292.1
    1988      10      23   292.4
    1988      10      24   292.9
    1988      10      25   292.1
    1988      10      26   292.3
    1988      10      27   293.3
    1988      10      28   293.5
    1988      10      29   293.4
    1988      10      30   294.1
    1988      10      31   294.3
    1988      11       1   293.5
    1988      11       2   292.2
    1988      11       3   292.8
    1988      11       4   293.5
    1988      11       5   291.9
    1988      11       6   290.7
    1988      11       7   290.8
    1988      11       8   292.2
    1988      11       9   292.9
    1988      11      10   292.4
    1988      11      11   294.3
    1988      11      12     293
    1988      11      13   291.5
    1988      11      14   289.6
    1988      11      15   290.4
    1988      11      16   289.2
    1988      11      17   289.3
    1988      11      18   289.2
    1988      11      19   287.9
    1988      11      20   288.8
    1988      11      21   289.2
    1988      11      22   284.7
    1988      11      23     283
    1988      11      24   283.7
    1988      11      25   284.8
    1988      11      26   287.6
    1988      11      27   286.9
    1988      11      28   286.1
    1988      11      29   286.1
    1988      11      30   287.1
    1988      12       1     289
    1988      12       2   287.1
    1988      12       3     287
    1988      12       4   286.4
    1988      12       5     288
    1988      12       6   286.8
    1988      12       7   283.8
    1988      12       8   281.4
    1988      12       9     283
    1988      12      10     285
    1988      12      11   286.2
    1988      12      12   285.3
    1988      12      13   283.9
    1988      12      14   283.5
    1988      12      15   283.3
    1988      12      16   284.1
    1988      12      17   284.2
    1988      12      18   283.7
    1988      12      19   282.2
    1988      12      20     285
    1988      12      21   283.5
    1988      12      22   282.9
    1988      12      23   284.9
    1988      12      24   285.6
    1988      12      25     286
    1988      12      26   285.8
    1988      12      27   285.4
    1988      12      28   284.9
    1988      12      29   285.1
    1988      12      30   284.4
    1988      12      31   284.5
    1989       1       1   284.5
    1989       1       2   284.1
    1989       1       3   283.5
    1989       1       4   282.3
    1989       1       5   282.2
    1989       1       6   284.5
    1989       1       7   286.8
    1989       1       8   286.8
    1989       1       9   286.2
    1989       1      10   286.6
    1989       1      11   286.9
    1989       1      12   286.5
    1989       1      13     286
    1989       1      14   284.2
    1989       1      15     284
    1989       1      16   284.8
    1989       1      17   285.3
    1989       1      18   284.7
    1989       1      19   284.1
    1989       1      20   284.9
    1989       1      21     284
    1989       1      22   283.8
    1989       1      23   283.1
    1989       1      24   282.9
    1989       1      25   283.5
    1989       1      26   284.1
    1989       1      27   283.8
    1989       1      28   283.3
    1989       1      29   283.4
    1989       1      30   283.8
    1989       1      31   283.5
    1989       2       1   284.6
    1989       2       2   285.1
    1989       2       3   284.4
    1989       2       4   284.4
    1989       2       5   283.6
    1989       2       6   283.8
    1989       2       7   285.2
    1989       2       8   285.8
    1989       2       9   284.4
    1989       2      10   284.5
    1989       2      11   284.9
    1989       2      12   284.3
    1989       2      13   284.3
    1989       2      14     285
    1989       2      15   283.6
    1989       2      16   285.4
    1989       2      17   287.3
    1989       2      18   288.3
    1989       2      19   288.8
    1989       2      20     289
    1989       2      21   289.2
    1989       2      22   289.2
    1989       2      23     287
    1989       2      24   283.6
    1989       2      25   286.5
    1989       2      26   288.4
    1989       2      27   284.8
    1989       2      28   288.3
    1989       3       1   288.5
    1989       3       2   288.5
    1989       3       3   289.3
    1989       3       4     288
    1989       3       5   287.7
    1989       3       6   288.5
    1989       3       7     290
    1989       3       8   288.8
    1989       3       9   287.3
    1989       3      10   286.8
    1989       3      11   286.6
    1989       3      12   288.5
    1989       3      13   290.7
    1989       3      14   288.2
    1989       3      15   287.8
    1989       3      16   289.9
    1989       3      17   289.4
    1989       3      18   286.2
    1989       3      19   286.5
    1989       3      20   286.1
    1989       3      21   286.4
    1989       3      22   287.3
    1989       3      23   288.1
    1989       3      24   288.8
    1989       3      25   288.3
    1989       3      26   290.1
    1989       3      27   290.9
    1989       3      28   289.9
    1989       3      29   285.4
    1989       3      30   286.2
    1989       3      31     287
    1989       4       1   289.7
    1989       4       2   290.7
    1989       4       3   287.6
    1989       4       4   283.7
    1989       4       5     284
    1989       4       6   285.8
    1989       4       7   289.1
    1989       4       8     291
    1989       4       9   291.2
    1989       4      10   289.5
    1989       4      11   288.3
    1989       4      12   289.5
    1989       4      13   288.2
    1989       4      14   286.9
    1989       4      15   289.4
    1989       4      16   288.8
    1989       4      17   286.7
    1989       4      18   287.5
    1989       4      19   289.1
    1989       4      20   288.7
    1989       4      21   289.9
    1989       4      22   290.5
    1989       4      23   290.4
    1989       4      24   291.3
    1989       4      25   290.9
    1989       4      26   286.4
    1989       4      27     283
    1989       4      28   287.3
    1989       4      29   288.2
    1989       4      30   288.2
    1989       5       1   287.4
    1989       5       2   288.7
    1989       5       3   290.5
    1989       5       4   289.8
    1989       5       5   290.9
    1989       5       6   291.7
    1989       5       7   294.3
    1989       5       8   293.4
    1989       5       9   293.1
    1989       5      10   293.5
    1989       5      11   294.8
    1989       5      12   292.4
    1989       5      13   292.6
    1989       5      14   291.2
    1989       5      15   291.2
    1989       5      16   292.9
    1989       5      17   293.7
    1989       5      18     293
    1989       5      19   293.5
    1989       5      20   294.8
    1989       5      21   295.2
    1989       5      22   294.8
    1989       5      23   294.3
    1989       5      24   292.2
    1989       5      25   292.1
    1989       5      26   291.7
    1989       5      27   292.3
    1989       5      28   292.1
    1989       5      29   293.2
    1989       5      30   291.7
    1989       5      31   292.3
    1989       6       1   292.3
    1989       6       2   292.9
    1989       6       3   292.8
    1989       6       4   292.2
    1989       6       5   291.1
    1989       6       6   292.9
    1989       6       7   295.2
    1989       6       8   296.2
    1989       6       9   295.9
    1989       6      10   295.4
    1989       6      11   296.5
    1989       6      12   296.1
    1989       6      13   297.4
    1989       6      14   296.7
    1989       6      15   295.6
    1989       6      16   297.9
    1989       6      17   298.4
    1989       6      18   298.4
    1989       6      19   296.6
    1989       6      20   294.6
    1989       6      21   295.6
    1989       6      22   298.6
    1989       6      23   300.3
    1989       6      24   300.8
    1989       6      25   301.6
    1989       6      26   302.6
    1989       6      27   300.9
    1989       6      28   299.1
    1989       6      29   298.9
    1989       6      30   301.1
    1989       7       1   301.9
    1989       7       2   301.9
    1989       7       3   301.2
    1989       7       4   299.6
    1989       7       5   300.2
    1989       7       6   302.7
    1989       7       7   302.4
    1989       7       8     302
    1989       7       9   301.2
    1989       7      10   301.2
    1989       7      11   300.1
    1989       7      12   298.3
    1989       7      13   297.8
    1989       7      14   299.7
    1989       7      15   300.7
    1989       7      16   300.6
    1989       7      17   300.5
    1989       7      18     301
    1989       7      19   301.9
    1989       7      20   303.8
    1989       7      21   303.7
    1989       7      22   304.3
    1989       7      23   303.7
    1989       7      24   303.6
    1989       7      25   301.9
    1989       7      26   299.4
    1989       7      27   299.6
    1989       7      28   299.7
    1989       7      29   300.7
    1989       7      30   301.8
    1989       7      31     303
    1989       8       1   303.9
    1989       8       2     303
    1989       8       3   300.8
    1989       8       4   299.7
    1989       8       5   299.7
    1989       8       6   300.7
    1989       8       7   302.9
    1989       8       8   303.5
    1989       8       9   304.7
    1989       8      10     305
    1989       8      11     305
    1989       8      12   303.8
    1989       8      13   304.4
    1989       8      14   303.4
    1989       8      15   303.1
    1989       8      16   303.2
    1989       8      17   302.6
    1989       8      18   300.6
    1989       8      19   301.7
    1989       8      20   302.2
    1989       8      21   302.5
    1989       8      22     302
    1989       8      23   300.7
    1989       8      24   300.4
    1989       8      25   302.8
    1989       8      26   303.6
    1989       8      27   303.5
    1989       8      28   301.8
    1989       8      29   300.1
    1989       8      30     300
    1989       8      31   297.6
    1989       9       1   296.6
    1989       9       2   297.1
    1989       9       3   298.4
    1989       9       4   298.2
    1989       9       5   296.8
    1989       9       6   295.2
    1989       9       7   297.6
    1989       9       8   294.5
    1989       9       9     295
    1989       9      10   295.4
    1989       9      11     295
    1989       9      12   296.1
    1989       9      13   296.6
    1989       9      14   296.3
    1989       9      15   296.9
    1989       9      16     299
    1989       9      17   299.9
    1989       9      18   298.6
    1989       9      19   298.5
    1989       9      20   296.8
    1989       9      21   296.5
    1989       9      22   296.3
    1989       9      23   296.4
    1989       9      24   296.4
    1989       9      25   298.4
    1989       9      26   299.7
    1989       9      27   297.3
    1989       9      28     296
    1989       9      29   295.5
    1989       9      30   293.9
    1989      10       1   292.7
    1989      10       2   293.7
    1989      10       3   295.1
    1989      10       4   295.6
    1989      10       5     295
    1989      10       6   294.4
    1989      10       7   294.9
    1989      10       8   296.3
    1989      10       9   293.1
    1989      10      10   292.5
    1989      10      11     292
    1989      10      12   292.7
    1989      10      13   292.7
    1989      10      14   293.7
    1989      10      15   294.3
    1989      10      16   293.3
    1989      10      17   294.1
    1989      10      18   295.4
    1989      10      19   294.3
    1989      10      20   294.1
    1989      10      21   295.1
    1989      10      22   294.7
    1989      10      23   293.7
    1989      10      24   292.5
    1989      10      25   290.5
    1989      10      26     292
    1989      10      27   295.5
    1989      10      28   294.3
    1989      10      29   292.7
    1989      10      30   292.9
    1989      10      31   293.5
    1989      11       1   293.5
    1989      11       2   294.3
    1989      11       3   291.5
    1989      11       4   287.2
    1989      11       5     289
    1989      11       6     288
    1989      11       7   290.4
    1989      11       8   292.1
    1989      11       9   291.5
    1989      11      10   289.9
    1989      11      11   290.6
    1989      11      12   290.9
    1989      11      13   291.3
    1989      11      14   291.5
    1989      11      15     294
    1989      11      16   291.7
    1989      11      17   289.9
    1989      11      18   288.5
    1989      11      19   289.4
    1989      11      20   290.7
    1989      11      21   290.2
    1989      11      22   290.3
    1989      11      23   292.3
    1989      11      24   290.8
    1989      11      25     290
    1989      11      26   291.3
    1989      11      27   290.2
    1989      11      28   289.5
    1989      11      29   290.1
    1989      11      30   290.1
    1989      12       1   288.6
    1989      12       2   287.6
    1989      12       3   286.4
    1989      12       4   288.4
    1989      12       5   288.7
    1989      12       6   289.4
    1989      12       7   291.8
    1989      12       8   290.8
    1989      12       9   289.4
    1989      12      10   288.9
    1989      12      11   287.8
    1989      12      12   288.6
    1989      12      13   290.7
    1989      12      14   291.3
    1989      12      15   291.9
    1989      12      16     293
    1989      12      17   293.8
    1989      12      18   292.3
    1989      12      19   288.1
    1989      12      20   289.2
    1989      12      21   291.2
    1989      12      22   289.3
    1989      12      23   285.7
    1989      12      24   284.6
    1989      12      25   285.6
    1989      12      26   287.8
    1989      12      27   287.2
    1989      12      28   288.6
    1989      12      29   287.6
    1989      12      30     288
    1989      12      31   286.8
    1990       1       1   285.9
    1990       1       2   285.8
    1990       1       3   286.8
    1990       1       4   285.1
    1990       1       5   284.1
    1990       1       6   284.4
    1990       1       7   285.6
    1990       1       8   284.1
    1990       1       9   283.4
    1990       1      10   282.4
    1990       1      11   283.5
    1990       1      12   284.9
    1990       1      13   284.5
    1990       1      14   283.8
    1990       1      15   283.4
    1990       1      16   282.9
    1990       1      17   283.9
    1990       1      18   284.3
    1990       1      19   282.3
    1990       1      20   282.2
    1990       1      21   282.7
    1990       1      22   281.8
    1990       1      23   281.8
    1990       1      24   284.6
    1990       1      25   286.4
    1990       1      26   287.2
    1990       1      27   287.6
    1990       1      28   288.2
    1990       1      29   283.2
    1990       1      30   285.8
    1990       1      31     286
    1990       2       1   283.8
    1990       2       2   284.3
    1990       2       3   287.1
    1990       2       4   286.4
    1990       2       5   286.1
    1990       2       6   287.1
    1990       2       7   288.8
    1990       2       8   288.3
    1990       2       9   288.3
    1990       2      10   287.5
    1990       2      11   286.4
    1990       2      12     288
    1990       2      13   289.1
    1990       2      14   289.7
    1990       2      15   289.1
    1990       2      16   290.5
    1990       2      17   292.1
    1990       2      18   290.3
    1990       2      19   290.1
    1990       2      20     288
    1990       2      21   288.1
    1990       2      22   287.2
    1990       2      23   286.7
    1990       2      24   288.1
    1990       2      25   288.9
    1990       2      26   289.3
    1990       2      27   290.2
    1990       2      28   291.7
    1990       3       1   291.5
    1990       3       2     287
    1990       3       3   282.5
    1990       3       4   283.2
    1990       3       5   284.8
    1990       3       6   285.2
    1990       3       7   286.3
    1990       3       8   289.1
    1990       3       9     288
    1990       3      10   287.3
    1990       3      11   289.4
    1990       3      12   290.4
    1990       3      13   290.4
    1990       3      14   289.7
    1990       3      15   286.9
    1990       3      16   286.6
    1990       3      17   286.5
    1990       3      18     287
    1990       3      19   287.1
    1990       3      20   286.5
    1990       3      21   288.1
    1990       3      22   291.8
    1990       3      23   292.9
    1990       3      24   289.4
    1990       3      25   287.1
    1990       3      26   285.9
    1990       3      27   283.6
    1990       3      28   284.2
    1990       3      29     284
    1990       3      30   285.2
    1990       3      31   288.5
    1990       4       1   288.3
    1990       4       2   286.6
    1990       4       3   287.3
    1990       4       4   288.6
    1990       4       5   290.2
    1990       4       6   290.3
    1990       4       7   287.8
    1990       4       8   289.2
    1990       4       9   286.5
    1990       4      10   284.7
    1990       4      11   285.6
    1990       4      12   288.8
    1990       4      13   289.8
    1990       4      14   288.2
    1990       4      15   289.3
    1990       4      16   289.6
    1990       4      17   289.6
    1990       4      18   287.8
    1990       4      19   287.4
    1990       4      20   288.9
    1990       4      21   287.6
    1990       4      22   285.8
    1990       4      23   286.6
    1990       4      24   287.7
    1990       4      25     287
    1990       4      26   286.9
    1990       4      27     289
    1990       4      28   290.9
    1990       4      29   290.9
    1990       4      30   289.6
    1990       5       1     289
    1990       5       2   288.2
    1990       5       3   287.8
    1990       5       4   288.1
    1990       5       5   288.7
    1990       5       6     289
    1990       5       7   289.6
    1990       5       8   291.1
    1990       5       9   291.2
    1990       5      10   292.1
    1990       5      11   290.5
    1990       5      12   290.5
    1990       5      13   292.8
    1990       5      14   294.9
    1990       5      15   295.5
    1990       5      16   295.7
    1990       5      17   294.6
    1990       5      18   295.3
    1990       5      19   295.9
    1990       5      20   294.5
    1990       5      21   294.8
    1990       5      22   293.6
    1990       5      23     292
    1990       5      24   292.6
    1990       5      25   295.3
    1990       5      26   296.5
    1990       5      27   295.5
    1990       5      28   291.6
    1990       5      29   292.1
    1990       5      30   293.8
    1990       5      31   294.2
    1990       6       1   294.2
    1990       6       2   295.7
    1990       6       3   296.2
    1990       6       4   297.2
    1990       6       5   296.3
    1990       6       6   294.3
    1990       6       7   296.2
    1990       6       8   299.5
    1990       6       9   300.7
    1990       6      10   298.2
    1990       6      11   296.9
    1990       6      12   295.7
    1990       6      13   295.9
    1990       6      14   295.8
    1990       6      15   297.3
    1990       6      16   296.7
    1990       6      17     297
    1990       6      18   297.7
    1990       6      19   297.9
    1990       6      20   298.2
    1990       6      21   297.3
    1990       6      22   298.6
    1990       6      23   299.6
    1990       6      24   298.7
    1990       6      25   299.6
    1990       6      26   300.4
    1990       6      27   300.9
    1990       6      28   300.3
    1990       6      29   300.8
    1990       6      30   302.7
    1990       7       1   302.2
    1990       7       2     300
    1990       7       3   301.4
    1990       7       4   298.9
    1990       7       5   300.5
    1990       7       6   299.6
    1990       7       7   295.8
    1990       7       8   296.7
    1990       7       9   299.5
    1990       7      10     300
    1990       7      11   297.3
    1990       7      12   295.8
    1990       7      13   296.5
    1990       7      14   299.9
    1990       7      15   299.1
    1990       7      16   298.1
    1990       7      17   299.2
    1990       7      18   300.5
    1990       7      19     301
    1990       7      20   299.9
    1990       7      21   300.5
    1990       7      22   299.9
    1990       7      23     300
    1990       7      24   301.8
    1990       7      25   303.5
    1990       7      26   302.9
    1990       7      27   302.2
    1990       7      28   301.1
    1990       7      29     299
    1990       7      30   298.4
    1990       7      31   299.5
    1990       8       1   300.2
    1990       8       2     300
    1990       8       3   298.2
    1990       8       4   298.2
    1990       8       5   299.9
    1990       8       6     303
    1990       8       7   301.6
    1990       8       8     299
    1990       8       9   297.7
    1990       8      10   297.8
    1990       8      11   298.6
    1990       8      12   300.2
    1990       8      13   301.7
    1990       8      14   302.8
    1990       8      15   302.4
    1990       8      16   300.5
    1990       8      17   299.5
    1990       8      18   300.2
    1990       8      19   300.7
    1990       8      20   300.9
    1990       8      21   301.2
    1990       8      22   300.8
    1990       8      23   299.8
    1990       8      24   301.1
    1990       8      25   303.9
    1990       8      26     301
    1990       8      27   300.2
    1990       8      28   300.5
    1990       8      29   301.3
    1990       8      30   301.7
    1990       8      31   298.3
    1990       9       1   297.2
    1990       9       2   297.9
    1990       9       3   298.3
    1990       9       4   299.6
    1990       9       5   300.6
    1990       9       6   301.2
    1990       9       7   300.7
    1990       9       8   298.1
    1990       9       9   299.7
    1990       9      10   299.6
    1990       9      11   301.5
    1990       9      12   302.6
    1990       9      13   301.6
    1990       9      14   302.2
    1990       9      15   301.2
    1990       9      16     300
    1990       9      17   300.2
    1990       9      18   298.2
    1990       9      19   299.6
    1990       9      20   301.3
    1990       9      21   301.7
    1990       9      22   300.9
    1990       9      23   300.5
    1990       9      24   298.6
    1990       9      25   298.6
    1990       9      26   297.4
    1990       9      27   298.2
    1990       9      28   298.3
    1990       9      29   299.1
    1990       9      30   300.6
    1990      10       1     300
    1990      10       2   297.4
    1990      10       3   295.9
    1990      10       4     295
    1990      10       5   293.2
    1990      10       6   293.4
    1990      10       7   295.2
    1990      10       8   291.1
    1990      10       9     291
    1990      10      10   291.2
    1990      10      11   292.7
    1990      10      12   295.4
    1990      10      13   297.2
    1990      10      14   296.5
    1990      10      15   295.7
    1990      10      16   294.5
    1990      10      17     294
    1990      10      18   293.6
    1990      10      19   292.8
    1990      10      20   292.2
    1990      10      21   293.6
    1990      10      22   292.4
    1990      10      23   290.1
    1990      10      24   292.7
    1990      10      25   291.1
    1990      10      26   290.7
    1990      10      27   289.7
    1990      10      28   288.9
    1990      10      29   293.6
    1990      10      30   293.8
    1990      10      31   293.1
    1990      11       1   290.5
    1990      11       2   289.3
    1990      11       3   288.4
    1990      11       4   288.1
    1990      11       5   287.6
    1990      11       6   290.4
    1990      11       7   291.9
    1990      11       8     292
    1990      11       9   292.2
    1990      11      10   289.5
    1990      11      11   287.9
    1990      11      12   289.2
    1990      11      13   289.2
    1990      11      14     290
    1990      11      15   289.3
    1990      11      16   289.6
    1990      11      17   290.6
    1990      11      18   291.3
    1990      11      19   290.8
    1990      11      20     291
    1990      11      21   289.5
    1990      11      22     286
    1990      11      23   283.5
    1990      11      24   286.8
    1990      11      25   288.1
    1990      11      26   285.8
    1990      11      27   284.2
    1990      11      28   283.3
    1990      11      29   282.8
    1990      11      30     282
    1990      12       1   282.9
    1990      12       2   283.2
    1990      12       3   284.9
    1990      12       4   284.9
    1990      12       5   286.3
    1990      12       6     285
    1990      12       7   285.8
    1990      12       8   287.4
    1990      12       9   285.4
    1990      12      10   281.8
    1990      12      11   283.6
    1990      12      12     284
    1990      12      13   284.9
    1990      12      14   283.5
    1990      12      15   282.2
    1990      12      16   282.8
    1990      12      17   283.6
    1990      12      18   284.3
    1990      12      19     284
    1990      12      20   284.2
    1990      12      21     282
    1990      12      22   282.9
    1990      12      23     284
    1990      12      24   283.3
    1990      12      25   283.7
    1990      12      26   285.9
    1990      12      27   286.8
    1990      12      28   287.2
    1990      12      29   287.6
    1990      12      30   287.6
    1990      12      31   288.3
    1991       1       1   286.8
    1991       1       2   285.2
    1991       1       3   286.6
    1991       1       4     285
    1991       1       5     282
    1991       1       6   283.1
    1991       1       7   283.8
    1991       1       8   285.8
    1991       1       9   286.7
    1991       1      10   287.6
    1991       1      11   286.7
    1991       1      12   286.6
    1991       1      13   281.7
    1991       1      14   280.2
    1991       1      15   280.8
    1991       1      16   281.7
    1991       1      17   283.3
    1991       1      18   283.6
    1991       1      19     284
    1991       1      20   284.7
    1991       1      21   282.9
    1991       1      22   282.2
    1991       1      23   283.1
    1991       1      24   283.6
    1991       1      25   284.4
    1991       1      26   283.2
    1991       1      27   283.2
    1991       1      28   283.1
    1991       1      29   283.5
    1991       1      30     282
    1991       1      31   281.6
    1991       2       1   282.5
    1991       2       2   283.1
    1991       2       3   282.8
    1991       2       4   282.1
    1991       2       5   283.6
    1991       2       6   284.1
    1991       2       7   286.1
    1991       2       8   283.5
    1991       2       9   283.4
    1991       2      10   284.7
    1991       2      11   282.2
    1991       2      12   281.1
    1991       2      13   281.5
    1991       2      14   280.4
    1991       2      15   279.8
    1991       2      16   282.6
    1991       2      17   283.2
    1991       2      18   285.1
    1991       2      19   286.4
    1991       2      20   284.4
    1991       2      21   285.5
    1991       2      22   285.3
    1991       2      23   285.7
    1991       2      24   285.5
    1991       2      25   286.4
    1991       2      26   286.3
    1991       2      27   285.4
    1991       2      28   284.9
    1991       3       1   285.9
    1991       3       2   284.3
    1991       3       3   286.3
    1991       3       4   287.5
    1991       3       5   289.4
    1991       3       6   289.8
    1991       3       7   290.4
    1991       3       8   286.2
    1991       3       9   286.3
    1991       3      10   288.3
    1991       3      11   288.8
    1991       3      12   289.8
    1991       3      13   287.1
    1991       3      14   286.6
    1991       3      15   287.1
    1991       3      16   287.8
    1991       3      17     287
    1991       3      18   285.6
    1991       3      19   287.3
    1991       3      20   290.1
    1991       3      21   291.1
    1991       3      22   287.8
    1991       3      23   287.3
    1991       3      24   285.1
    1991       3      25   285.3
    1991       3      26   285.6
    1991       3      27   287.2
    1991       3      28     288
    1991       3      29   288.3
    1991       3      30   287.1
    1991       3      31   285.7
    1991       4       1   285.5
    1991       4       2   287.2
    1991       4       3   287.9
    1991       4       4     286
    1991       4       5   286.5
    1991       4       6   285.5
    1991       4       7   287.4
    1991       4       8     288
    1991       4       9   286.5
    1991       4      10     287
    1991       4      11   286.8
    1991       4      12   287.6
    1991       4      13   289.6
    1991       4      14   289.5
    1991       4      15   290.7
    1991       4      16   288.9
    1991       4      17   288.6
    1991       4      18   287.4
    1991       4      19   287.8
    1991       4      20   287.3
    1991       4      21   285.1
    1991       4      22   284.7
    1991       4      23   286.4
    1991       4      24   288.6
    1991       4      25   287.4
    1991       4      26     286
    1991       4      27   287.2
    1991       4      28   289.2
    1991       4      29   290.1
    1991       4      30   291.4
    1991       5       1   292.4
    1991       5       2     286
    1991       5       3   285.7
    1991       5       4   287.6
    1991       5       5   288.8
    1991       5       6   286.3
    1991       5       7   288.7
    1991       5       8   289.6
    1991       5       9   286.8
    1991       5      10   288.5
    1991       5      11   288.1
    1991       5      12     287
    1991       5      13   288.9
    1991       5      14   290.3
    1991       5      15   292.9
    1991       5      16   293.4
    1991       5      17     290
    1991       5      18   289.1
    1991       5      19   288.4
    1991       5      20   288.7
    1991       5      21     289
    1991       5      22   288.8
    1991       5      23   291.3
    1991       5      24   293.8
    1991       5      25   291.6
    1991       5      26     291
    1991       5      27   291.1
    1991       5      28   292.3
    1991       5      29   293.4
    1991       5      30   293.4
    1991       5      31   291.4
    1991       6       1   290.3
    1991       6       2   289.8
    1991       6       3   291.2
    1991       6       4     293
    1991       6       5   295.8
    1991       6       6   297.6
    1991       6       7   296.1
    1991       6       8   295.3
    1991       6       9     296
    1991       6      10   297.2
    1991       6      11   295.7
    1991       6      12   296.4
    1991       6      13   298.5
    1991       6      14   298.5
    1991       6      15   298.6
    1991       6      16   299.8
    1991       6      17   296.4
    1991       6      18   294.4
    1991       6      19   292.9
    1991       6      20   295.5
    1991       6      21   298.5
    1991       6      22   299.2
    1991       6      23   297.6
    1991       6      24   298.5
    1991       6      25   299.6
    1991       6      26   301.8
    1991       6      27   303.2
    1991       6      28   297.4
    1991       6      29   293.7
    1991       6      30   293.7
    1991       7       1   295.4
    1991       7       2   296.8
    1991       7       3   296.5
    1991       7       4   299.3
    1991       7       5   300.7
    1991       7       6   296.3
    1991       7       7   296.6
    1991       7       8   298.8
    1991       7       9   298.8
    1991       7      10   299.2
    1991       7      11   299.8
    1991       7      12     300
    1991       7      13   301.1
    1991       7      14   302.9
    1991       7      15   301.2
    1991       7      16   300.5
    1991       7      17   302.9
    1991       7      18   304.7
    1991       7      19   304.3
    1991       7      20   303.9
    1991       7      21   303.8
    1991       7      22   302.8
    1991       7      23     304
    1991       7      24   304.7
    1991       7      25   303.3
    1991       7      26   301.3
    1991       7      27   299.6
    1991       7      28   301.8
    1991       7      29   300.4
    1991       7      30   297.7
    1991       7      31   297.2
    1991       8       1   300.3
    1991       8       2   301.2
    1991       8       3   301.7
    1991       8       4   301.9
    1991       8       5   302.3
    1991       8       6   303.1
    1991       8       7   304.5
    1991       8       8   301.7
    1991       8       9   295.8
    1991       8      10   294.7
    1991       8      11     296
    1991       8      12   296.6
    1991       8      13   297.8
    1991       8      14   300.2
    1991       8      15   302.8
    1991       8      16   304.6
    1991       8      17   303.3
    1991       8      18   302.8
    1991       8      19   303.1
    1991       8      20   304.5
    1991       8      21   304.7
    1991       8      22   301.9
    1991       8      23   302.5
    1991       8      24   303.2
    1991       8      25   302.7
    1991       8      26   303.9
    1991       8      27   304.5
    1991       8      28   304.5
    1991       8      29   304.5
    1991       8      30   303.6
    1991       8      31   303.1
    1991       9       1     303
    1991       9       2   299.6
    1991       9       3   299.5
    1991       9       4   299.5
    1991       9       5   299.9
    1991       9       6   299.7
    1991       9       7   298.4
    1991       9       8   299.8
    1991       9       9   300.3
    1991       9      10   300.6
    1991       9      11   300.8
    1991       9      12   298.6
    1991       9      13   298.3
    1991       9      14   298.3
    1991       9      15   297.6
    1991       9      16   298.4
    1991       9      17   298.6
    1991       9      18   299.4
    1991       9      19   300.5
    1991       9      20   300.3
    1991       9      21     300
    1991       9      22   300.2
    1991       9      23   301.9
    1991       9      24     302
    1991       9      25   300.5
    1991       9      26   296.6
    1991       9      27   294.3
    1991       9      28   294.5
    1991       9      29   293.7
    1991       9      30   292.4
    1991      10       1   293.6
    1991      10       2   294.1
    1991      10       3   293.1
    1991      10       4   293.3
    1991      10       5   295.1
    1991      10       6   294.2
    1991      10       7   294.5
    1991      10       8   296.1
    1991      10       9   294.9
    1991      10      10   296.2
    1991      10      11   293.6
    1991      10      12   291.4
    1991      10      13   292.8
    1991      10      14   291.8
    1991      10      15   290.9
    1991      10      16   290.3
    1991      10      17   290.7
    1991      10      18   292.3
    1991      10      19     293
    1991      10      20   287.4
    1991      10      21   286.3
    1991      10      22   287.2
    1991      10      23   289.1
    1991      10      24   290.8
    1991      10      25   291.9
    1991      10      26   292.7
    1991      10      27     290
    1991      10      28   288.8
    1991      10      29   289.7
    1991      10      30   291.3
    1991      10      31   292.8
    1991      11       1   292.5
    1991      11       2   291.5
    1991      11       3   293.9
    1991      11       4   293.9
    1991      11       5   288.6
    1991      11       6     285
    1991      11       7   285.2
    1991      11       8   287.2
    1991      11       9     288
    1991      11      10   287.1
    1991      11      11     287
    1991      11      12   288.3
    1991      11      13   288.7
    1991      11      14   287.3
    1991      11      15     289
    1991      11      16   290.5
    1991      11      17   288.5
    1991      11      18   288.6
    1991      11      19     288
    1991      11      20     285
    1991      11      21   283.1
    1991      11      22   282.5
    1991      11      23   282.3
    1991      11      24   283.2
    1991      11      25   287.5
    1991      11      26   288.3
    1991      11      27   288.2
    1991      11      28   288.8
    1991      11      29   290.3
    1991      11      30   288.6
    1991      12       1   287.1
    1991      12       2   284.6
    1991      12       3     286
    1991      12       4   286.6
    1991      12       5   286.5
    1991      12       6   286.7
    1991      12       7   284.8
    1991      12       8   287.4
    1991      12       9   286.4
    1991      12      10     285
    1991      12      11   284.8
    1991      12      12   284.5
    1991      12      13   284.8
    1991      12      14   284.4
    1991      12      15   285.4
    1991      12      16   284.9
    1991      12      17   284.8
    1991      12      18   284.6
    1991      12      19   286.1
    1991      12      20   286.9
    1991      12      21   285.8
    1991      12      22   286.4
    1991      12      23   287.4
    1991      12      24     287
    1991      12      25   283.1
    1991      12      26   281.3
    1991      12      27   283.1
    1991      12      28   283.7
    1991      12      29   283.8
    1991      12      30   283.3
    1991      12      31     283
    1992       1       1   282.2
    1992       1       2   282.4
    1992       1       3   283.1
    1992       1       4   282.9
    1992       1       5   283.2
    1992       1       6   283.2
    1992       1       7   283.8
    1992       1       8   285.3
    1992       1       9   288.6
    1992       1      10   284.4
    1992       1      11   283.8
    1992       1      12   283.4
    1992       1      13   283.2
    1992       1      14   283.9
    1992       1      15   283.2
    1992       1      16     283
    1992       1      17     283
    1992       1      18   281.9
    1992       1      19   283.4
    1992       1      20   282.2
    1992       1      21   281.9
    1992       1      22   282.1
    1992       1      23     281
    1992       1      24   280.5
    1992       1      25     283
    1992       1      26   282.8
    1992       1      27     282
    1992       1      28   283.7
    1992       1      29   284.6
    1992       1      30   283.9
    1992       1      31   283.2
    1992       2       1   283.2
    1992       2       2   282.5
    1992       2       3   283.7
    1992       2       4   284.3
    1992       2       5   285.2
    1992       2       6   285.4
    1992       2       7     286
    1992       2       8   283.6
    1992       2       9   283.9
    1992       2      10   285.6
    1992       2      11   287.9
    1992       2      12   288.7
    1992       2      13     286
    1992       2      14   285.3
    1992       2      15   287.4
    1992       2      16   287.8
    1992       2      17     286
    1992       2      18   283.9
    1992       2      19   284.6
    1992       2      20   283.6
    1992       2      21   280.6
    1992       2      22   280.5
    1992       2      23   282.2
    1992       2      24   284.5
    1992       2      25   284.8
    1992       2      26   284.5
    1992       2      27   285.4
    1992       2      28     284
    1992       3       1   285.8
    1992       3       2     285
    1992       3       3   284.8
    1992       3       4   286.1
    1992       3       5   286.2
    1992       3       6   285.3
    1992       3       7     286
    1992       3       8   286.6
    1992       3       9   284.9
    1992       3      10   283.6
    1992       3      11   284.8
    1992       3      12   285.7
    1992       3      13   287.4
    1992       3      14   288.9
    1992       3      15   287.5
    1992       3      16   287.7
    1992       3      17   288.3
    1992       3      18   288.2
    1992       3      19   287.3
    1992       3      20   287.3
    1992       3      21   289.3
    1992       3      22   288.6
    1992       3      23   291.6
    1992       3      24   286.4
    1992       3      25   282.6
    1992       3      26   282.8
    1992       3      27   283.4
    1992       3      28   283.5
    1992       3      29   285.6
    1992       3      30   286.2
    1992       3      31   286.1
    1992       4       1   285.4
    1992       4       2   288.6
    1992       4       3   289.6
    1992       4       4   287.9
    1992       4       5   285.5
    1992       4       6   284.7
    1992       4       7     287
    1992       4       8   286.1
    1992       4       9   285.1
    1992       4      10   286.9
    1992       4      11     288
    1992       4      12   289.2
    1992       4      13   288.4
    1992       4      14   288.4
    1992       4      15   290.1
    1992       4      16   286.6
    1992       4      17   283.7
    1992       4      18   287.8
    1992       4      19   289.8
    1992       4      20   290.1
    1992       4      21     292
    1992       4      22   292.8
    1992       4      23   293.9
    1992       4      24   294.6
    1992       4      25   293.6
    1992       4      26   292.9
    1992       4      27   295.2
    1992       4      28   295.8
    1992       4      29   290.7
    1992       4      30   287.6
    1992       5       1   290.2
    1992       5       2   290.1
    1992       5       3   285.4
    1992       5       4   286.8
    1992       5       5   289.5
    1992       5       6   290.1
    1992       5       7   289.4
    1992       5       8   289.9
    1992       5       9   291.6
    1992       5      10   292.9
    1992       5      11   294.6
    1992       5      12   292.3
    1992       5      13   292.4
    1992       5      14   294.1
    1992       5      15   293.7
    1992       5      16   291.6
    1992       5      17   292.6
    1992       5      18   295.6
    1992       5      19     297
    1992       5      20   293.7
    1992       5      21   292.9
    1992       5      22   294.9
    1992       5      23     294
    1992       5      24   292.1
    1992       5      25   293.2
    1992       5      26   294.3
    1992       5      27   295.6
    1992       5      28   294.8
    1992       5      29   294.4
    1992       5      30   294.9
    1992       5      31   295.2
    1992       6       1   292.6
    1992       6       2   292.9
    1992       6       3   292.3
    1992       6       4   292.3
    1992       6       5   293.2
    1992       6       6   293.3
    1992       6       7   291.4
    1992       6       8   292.8
    1992       6       9   292.5
    1992       6      10   290.8
    1992       6      11   292.2
    1992       6      12     293
    1992       6      13     293
    1992       6      14   295.8
    1992       6      15   293.7
    1992       6      16   290.4
    1992       6      17   291.7
    1992       6      18   292.6
    1992       6      19   294.3
    1992       6      20   294.6
    1992       6      21   293.7
    1992       6      22   291.6
    1992       6      23   291.9
    1992       6      24   291.9
    1992       6      25   294.8
    1992       6      26   295.5
    1992       6      27   296.1
    1992       6      28   296.6
    1992       6      29   296.6
    1992       6      30   297.2
    1992       7       1   296.9
    1992       7       2   295.2
    1992       7       3   295.6
    1992       7       4   298.9
    1992       7       5     297
    1992       7       6   295.6
    1992       7       7     295
    1992       7       8   295.3
    1992       7       9     296
    1992       7      10   298.8
    1992       7      11   297.8
    1992       7      12   298.2
    1992       7      13   298.5
    1992       7      14   297.4
    1992       7      15   298.3
    1992       7      16   299.7
    1992       7      17   299.5
    1992       7      18   299.4
    1992       7      19   300.4
    1992       7      20   301.9
    1992       7      21   300.9
    1992       7      22   299.9
    1992       7      23   299.6
    1992       7      24   299.4
    1992       7      25   298.8
    1992       7      26   299.1
    1992       7      27   299.2
    1992       7      28   300.7
    1992       7      29   301.1
    1992       7      30   300.6
    1992       7      31   301.2
    1992       8       1   302.5
    1992       8       2   302.9
    1992       8       3   303.3
    1992       8       4   302.8
    1992       8       5   301.7
    1992       8       6     301
    1992       8       7   300.6
    1992       8       8   301.9
    1992       8       9   298.2
    1992       8      10   299.3
    1992       8      11   300.1
    1992       8      12   300.2
    1992       8      13   299.7
    1992       8      14   300.3
    1992       8      15   299.5
    1992       8      16   299.6
    1992       8      17   299.3
    1992       8      18   300.6
    1992       8      19   300.7
    1992       8      20   301.4
    1992       8      21   301.8
    1992       8      22   302.8
    1992       8      23   304.6
    1992       8      24   303.4
    1992       8      25   302.7
    1992       8      26   302.8
    1992       8      27   301.4
    1992       8      28   301.5
    1992       8      29   296.7
    1992       8      30     296
    1992       8      31   298.2
    1992       9       1   296.2
    1992       9       2   295.5
    1992       9       3   297.7
    1992       9       4   298.1
    1992       9       5   297.6
    1992       9       6   298.1
    1992       9       7   299.3
    1992       9       8     299
    1992       9       9   298.3
    1992       9      10   298.1
    1992       9      11   300.8
    1992       9      12   299.3
    1992       9      13   299.5
    1992       9      14   299.7
    1992       9      15   298.9
    1992       9      16   297.8
    1992       9      17   298.5
    1992       9      18     298
    1992       9      19     298
    1992       9      20   298.4
    1992       9      21   299.2
    1992       9      22   296.5
    1992       9      23   294.7
    1992       9      24   294.8
    1992       9      25     297
    1992       9      26     297
    1992       9      27   292.3
    1992       9      28   292.7
    1992       9      29   295.3
    1992       9      30     296
    1992      10       1   295.3
    1992      10       2   296.5
    1992      10       3   296.4
    1992      10       4   292.9
    1992      10       5   291.8
    1992      10       6   291.8
    1992      10       7     292
    1992      10       8   293.7
    1992      10       9   291.4
    1992      10      10   289.7
    1992      10      11   289.5
    1992      10      12   288.6
    1992      10      13   288.1
    1992      10      14   289.2
    1992      10      15   290.8
    1992      10      16   294.1
    1992      10      17     292
    1992      10      18   289.4
    1992      10      19   293.6
    1992      10      20     294
    1992      10      21   289.2
    1992      10      22     286
    1992      10      23   288.9
    1992      10      24     291
    1992      10      25   292.4
    1992      10      26   292.5
    1992      10      27   293.2
    1992      10      28   291.9
    1992      10      29   291.6
    1992      10      30   292.8
    1992      10      31   287.6
    1992      11       1   283.4
    1992      11       2   284.8
    1992      11       3   288.3
    1992      11       4   289.8
    1992      11       5   289.1
    1992      11       6   288.9
    1992      11       7   289.8
    1992      11       8   289.8
    1992      11       9   289.5
    1992      11      10   289.2
    1992      11      11   291.1
    1992      11      12   290.4
    1992      11      13   289.6
    1992      11      14     291
    1992      11      15   290.5
    1992      11      16   287.7
    1992      11      17   286.7
    1992      11      18   288.5
    1992      11      19   288.8
    1992      11      20     289
    1992      11      21   290.2
    1992      11      22   291.1
    1992      11      23   291.8
    1992      11      24   291.2
    1992      11      25   290.7
    1992      11      26   291.4
    1992      11      27   291.3
    1992      11      28     290
    1992      11      29   289.6
    1992      11      30   287.8
    1992      12       1   288.2
    1992      12       2   289.1
    1992      12       3   290.2
    1992      12       4   288.7
    1992      12       5   289.7
    1992      12       6   286.5
    1992      12       7   289.3
    1992      12       8   285.3
    1992      12       9     285
    1992      12      10     284
    1992      12      11   283.4
    1992      12      12   283.6
    1992      12      13   284.7
    1992      12      14   284.7
    1992      12      15   285.5
    1992      12      16   286.6
    1992      12      17   284.6
    1992      12      18   284.7
    1992      12      19   285.8
    1992      12      20   287.4
    1992      12      21     288
    1992      12      22   287.8
    1992      12      23   286.9
    1992      12      24   287.4
    1992      12      25   287.7
    1992      12      26   287.2
    1992      12      27   285.1
    1992      12      28   283.7
    1992      12      29   281.1
    1992      12      30   281.7
    1992      12      31   281.6
    1993       1       1   281.6
    1993       1       2   281.7
    1993       1       3   280.6
    1993       1       4   279.7
    1993       1       5   280.5
    1993       1       6   281.3
    1993       1       7   283.9
    1993       1       8   284.5
    1993       1       9   287.1
    1993       1      10   287.2
    1993       1      11   284.6
    1993       1      12   283.5
    1993       1      13     286
    1993       1      14     286
    1993       1      15     285
    1993       1      16   284.3
    1993       1      17   284.5
    1993       1      18     285
    1993       1      19   284.8
    1993       1      20   284.1
    1993       1      21   284.1
    1993       1      22   284.1
    1993       1      23     284
    1993       1      24   284.7
    1993       1      25     284
    1993       1      26   283.4
    1993       1      27   284.2
    1993       1      28   285.7
    1993       1      29   285.5
    1993       1      30   286.3
    1993       1      31   286.6
    1993       2       1   286.8
    1993       2       2   285.7
    1993       2       3   284.5
    1993       2       4   284.6
    1993       2       5   284.1
    1993       2       6   283.8
    1993       2       7   284.9
    1993       2       8   284.3
    1993       2       9   284.7
    1993       2      10   284.5
    1993       2      11     285
    1993       2      12   285.1
    1993       2      13   284.5
    1993       2      14   284.5
    1993       2      15   284.5
    1993       2      16     283
    1993       2      17   282.7
    1993       2      18   282.8
    1993       2      19   283.8
    1993       2      20   284.2
    1993       2      21   284.6
    1993       2      22   284.1
    1993       2      23   281.3
    1993       2      24   280.6
    1993       2      25     281
    1993       2      26     281
    1993       2      27   281.3
    1993       2      28     280
    1993       3       1   279.5
    1993       3       2   279.5
    1993       3       3   282.4
    1993       3       4   284.9
    1993       3       5   284.2
    1993       3       6   284.2
    1993       3       7     287
    1993       3       8   286.1
    1993       3       9   284.8
    1993       3      10   283.8
    1993       3      11   284.2
    1993       3      12   284.6
    1993       3      13   286.7
    1993       3      14   286.4
    1993       3      15   286.7
    1993       3      16   286.8
    1993       3      17   287.1
    1993       3      18   288.2
    1993       3      19   289.5
    1993       3      20   290.2
    1993       3      21   291.4
    1993       3      22   289.1
    1993       3      23   289.3
    1993       3      24   289.6
    1993       3      25   286.1
    1993       3      26   282.4
    1993       3      27   285.2
    1993       3      28   289.2
    1993       3      29   288.5
    1993       3      30   287.6
    1993       3      31   288.7
    1993       4       1   289.9
    1993       4       2   285.3
    1993       4       3   287.3
    1993       4       4   290.4
    1993       4       5     291
    1993       4       6   291.6
    1993       4       7   291.8
    1993       4       8   292.3
    1993       4       9   293.2
    1993       4      10     291
    1993       4      11   289.2
    1993       4      12   287.5
    1993       4      13     287
    1993       4      14   285.8
    1993       4      15   285.7
    1993       4      16   284.9
    1993       4      17   284.9
    1993       4      18     287
    1993       4      19   288.2
    1993       4      20   290.4
    1993       4      21   292.8
    1993       4      22   290.2
    1993       4      23   289.9
    1993       4      24   287.3
    1993       4      25   285.9
    1993       4      26   285.9
    1993       4      27   285.5
    1993       4      28   287.4
    1993       4      29   288.5
    1993       4      30   287.5
    1993       5       1   287.8
    1993       5       2   287.5
    1993       5       3   288.8
    1993       5       4   290.7
    1993       5       5   290.2
    1993       5       6   289.7
    1993       5       7   291.4
    1993       5       8   292.4
    1993       5       9   292.8
    1993       5      10   293.9
    1993       5      11   293.1
    1993       5      12   291.1
    1993       5      13     289
    1993       5      14   289.8
    1993       5      15   290.9
    1993       5      16   292.5
    1993       5      17   293.6
    1993       5      18   293.6
    1993       5      19   290.9
    1993       5      20   289.7
    1993       5      21   289.9
    1993       5      22   292.3
    1993       5      23   294.1
    1993       5      24   297.6
    1993       5      25   297.8
    1993       5      26   295.1
    1993       5      27   293.1
    1993       5      28   291.9
    1993       5      29   293.5
    1993       5      30   294.2
    1993       5      31   295.1
    1993       6       1   295.7
    1993       6       2   296.5
    1993       6       3   296.1
    1993       6       4   296.9
    1993       6       5   295.4
    1993       6       6   293.5
    1993       6       7   293.3
    1993       6       8   293.8
    1993       6       9   294.8
    1993       6      10   296.2
    1993       6      11   294.4
    1993       6      12   293.8
    1993       6      13   294.3
    1993       6      14   294.1
    1993       6      15   296.6
    1993       6      16   295.1
    1993       6      17   296.5
    1993       6      18   295.8
    1993       6      19   296.4
    1993       6      20   297.6
    1993       6      21   295.8
    1993       6      22   295.3
    1993       6      23   295.7
    1993       6      24     297
    1993       6      25   297.4
    1993       6      26   298.4
    1993       6      27   297.9
    1993       6      28   299.4
    1993       6      29   297.5
    1993       6      30   297.7
    1993       7       1   297.7
    1993       7       2   295.6
    1993       7       3     296
    1993       7       4   298.3
    1993       7       5   301.1
    1993       7       6   300.6
    1993       7       7   296.2
    1993       7       8   296.6
    1993       7       9   300.8
    1993       7      10   300.8
    1993       7      11   295.8
    1993       7      12   295.4
    1993       7      13   295.4
    1993       7      14   296.3
    1993       7      15     298
    1993       7      16   299.8
    1993       7      17   302.5
    1993       7      18   303.1
    1993       7      19   303.1
    1993       7      20   300.7
    1993       7      21   296.5
    1993       7      22   295.3
    1993       7      23   295.9
    1993       7      24   298.8
    1993       7      25   303.5
    1993       7      26   301.3
    1993       7      27     297
    1993       7      28   298.5
    1993       7      29   300.8
    1993       7      30   303.5
    1993       7      31   301.7
    1993       8       1   298.1
    1993       8       2   300.7
    1993       8       3   302.4
    1993       8       4   302.8
    1993       8       5   304.2
    1993       8       6   305.5
    1993       8       7   305.6
    1993       8       8     305
    1993       8       9   301.3
    1993       8      10   299.2
    1993       8      11   299.5
    1993       8      12   300.3
    1993       8      13   299.8
    1993       8      14   299.7
    1993       8      15   300.7
    1993       8      16   299.8
    1993       8      17     299
    1993       8      18   299.4
    1993       8      19   299.8
    1993       8      20   301.8
    1993       8      21   302.8
    1993       8      22   302.7
    1993       8      23   302.7
    1993       8      24   302.3
    1993       8      25   299.3
    1993       8      26   296.6
    1993       8      27   294.7
    1993       8      28   295.1
    1993       8      29     294
    1993       8      30   295.1
    1993       8      31   297.2
    1993       9       1   297.8
    1993       9       2   296.8
    1993       9       3     299
    1993       9       4   298.7
    1993       9       5     298
    1993       9       6   299.2
    1993       9       7   298.9
    1993       9       8   298.7
    1993       9       9     298
    1993       9      10   296.3
    1993       9      11   297.1
    1993       9      12   298.6
    1993       9      13   296.2
    1993       9      14   292.6
    1993       9      15   295.5
    1993       9      16     299
    1993       9      17   298.3
    1993       9      18     296
    1993       9      19     295
    1993       9      20   295.8
    1993       9      21   296.6
    1993       9      22   298.7
    1993       9      23     292
    1993       9      24   291.6
    1993       9      25   293.1
    1993       9      26   294.8
    1993       9      27     294
    1993       9      28   291.7
    1993       9      29   292.3
    1993       9      30   295.3
    1993      10       1     293
    1993      10       2   293.3
    1993      10       3   291.9
    1993      10       4   294.9
    1993      10       5   294.8
    1993      10       6   293.4
    1993      10       7   291.5
    1993      10       8   290.6
    1993      10       9   292.7
    1993      10      10   296.5
    1993      10      11   296.6
    1993      10      12   293.4
    1993      10      13   293.6
    1993      10      14   290.3
    1993      10      15   290.7
    1993      10      16     293
    1993      10      17   291.8
    1993      10      18   290.6
    1993      10      19   290.1
    1993      10      20   290.8
    1993      10      21     290
    1993      10      22   286.7
    1993      10      23   285.3
    1993      10      24   285.3
    1993      10      25   287.5
    1993      10      26   289.6
    1993      10      27   290.2
    1993      10      28   288.1
    1993      10      29   287.9
    1993      10      30   289.6
    1993      10      31   291.5
    1993      11       1   291.2
    1993      11       2   290.8
    1993      11       3   291.8
    1993      11       4   288.3
    1993      11       5   288.2
    1993      11       6   287.6
    1993      11       7   288.6
    1993      11       8   288.5
    1993      11       9   287.9
    1993      11      10   288.1
    1993      11      11   289.5
    1993      11      12   289.8
    1993      11      13   288.6
    1993      11      14   289.6
    1993      11      15   288.2
    1993      11      16   285.8
    1993      11      17   285.6
    1993      11      18   286.4
    1993      11      19   287.4
    1993      11      20   285.6
    1993      11      21   283.7
    1993      11      22   285.9
    1993      11      23   288.8
    1993      11      24     287
    1993      11      25   286.8
    1993      11      26   285.9
    1993      11      27   286.6
    1993      11      28   285.9
    1993      11      29     287
    1993      11      30   288.8
    1993      12       1   285.4
    1993      12       2   285.6
    1993      12       3   285.8
    1993      12       4   287.1
    1993      12       5   287.8
    1993      12       6   288.2
    1993      12       7   286.4
    1993      12       8   286.8
    1993      12       9   288.3
    1993      12      10   287.2
    1993      12      11   287.8
    1993      12      12   286.8
    1993      12      13   287.5
    1993      12      14   288.4
    1993      12      15   283.1
    1993      12      16   283.8
    1993      12      17   285.4
    1993      12      18     286
    1993      12      19   285.4
    1993      12      20   288.4
    1993      12      21     288
    1993      12      22   285.3
    1993      12      23   284.6
    1993      12      24   285.6
    1993      12      25   286.5
    1993      12      26   288.7
    1993      12      27   285.9
    1993      12      28   284.4
    1993      12      29   286.2
    1993      12      30   287.2
    1993      12      31     288
    1994       1       1   287.4
    1994       1       2   286.7
    1994       1       3   287.5
    1994       1       4   287.5
    1994       1       5     283
    1994       1       6   286.8
    1994       1       7   282.8
    1994       1       8   281.6
    1994       1       9   285.6
    1994       1      10   286.2
    1994       1      11   283.6
    1994       1      12   287.1
    1994       1      13   288.3
    1994       1      14   287.3
    1994       1      15   284.8
    1994       1      16   282.6
    1994       1      17   281.2
    1994       1      18   281.4
    1994       1      19   283.5
    1994       1      20   281.9
    1994       1      21   280.7
    1994       1      22   281.8
    1994       1      23   281.1
    1994       1      24   282.3
    1994       1      25   284.8
    1994       1      26   285.1
    1994       1      27   284.9
    1994       1      28   285.6
    1994       1      29   284.7
    1994       1      30   284.4
    1994       1      31   285.4
    1994       2       1   286.7
    1994       2       2   286.7
    1994       2       3   286.9
    1994       2       4   282.6
    1994       2       5   279.7
    1994       2       6   281.2
    1994       2       7   283.3
    1994       2       8   282.8
    1994       2       9   282.9
    1994       2      10   285.6
    1994       2      11   287.2
    1994       2      12   287.1
    1994       2      13   285.8
    1994       2      14   286.3
    1994       2      15   285.4
    1994       2      16   286.2
    1994       2      17   284.5
    1994       2      18   284.5
    1994       2      19   284.3
    1994       2      20   285.7
    1994       2      21   285.7
    1994       2      22   287.2
    1994       2      23   288.8
    1994       2      24   287.8
    1994       2      25     289
    1994       2      26     289
    1994       2      27   287.8
    1994       2      28   286.2
    1994       3       1   286.1
    1994       3       2   285.6
    1994       3       3     286
    1994       3       4   286.9
    1994       3       5   286.8
    1994       3       6   286.4
    1994       3       7   286.3
    1994       3       8   286.7
    1994       3       9   287.8
    1994       3      10   288.1
    1994       3      11   286.7
    1994       3      12   287.3
    1994       3      13   285.4
    1994       3      14     286
    1994       3      15   286.7
    1994       3      16   285.8
    1994       3      17   287.6
    1994       3      18   288.1
    1994       3      19   291.4
    1994       3      20   291.6
    1994       3      21   288.9
    1994       3      22   287.3
    1994       3      23     287
    1994       3      24   289.3
    1994       3      25   291.3
    1994       3      26   290.9
    1994       3      27   288.2
    1994       3      28   289.9
    1994       3      29     290
    1994       3      30   292.2
    1994       3      31   293.6
    1994       4       1   291.6
    1994       4       2   287.9
    1994       4       3   285.1
    1994       4       4     287
    1994       4       5   290.1
    1994       4       6   288.3
    1994       4       7   290.3
    1994       4       8   289.2
    1994       4       9   289.4
    1994       4      10   290.3
    1994       4      11   285.6
    1994       4      12   285.2
    1994       4      13   287.9
    1994       4      14     287
    1994       4      15   285.5
    1994       4      16   284.6
    1994       4      17   283.3
    1994       4      18   287.1
    1994       4      19   286.9
    1994       4      20   287.1
    1994       4      21   288.2
    1994       4      22   289.7
    1994       4      23   291.9
    1994       4      24   289.3
    1994       4      25     287
    1994       4      26   288.5
    1994       4      27   288.9
    1994       4      28     290
    1994       4      29   290.2
    1994       4      30     291
    1994       5       1   291.6
    1994       5       2   294.5
    1994       5       3   296.3
    1994       5       4   295.1
    1994       5       5   292.6
    1994       5       6   291.2
    1994       5       7   292.7
    1994       5       8   290.9
    1994       5       9   290.8
    1994       5      10   292.9
    1994       5      11   292.3
    1994       5      12   290.1
    1994       5      13   291.6
    1994       5      14   290.1
    1994       5      15   292.3
    1994       5      16   292.4
    1994       5      17     290
    1994       5      18   290.1
    1994       5      19   292.2
    1994       5      20   293.4
    1994       5      21   295.4
    1994       5      22   297.7
    1994       5      23   296.8
    1994       5      24   295.3
    1994       5      25     296
    1994       5      26   297.6
    1994       5      27   298.3
    1994       5      28   297.4
    1994       5      29     299
    1994       5      30   300.6
    1994       5      31   302.3
    1994       6       1   301.3
    1994       6       2   296.8
    1994       6       3   297.6
    1994       6       4   298.8
    1994       6       5   298.1
    1994       6       6   294.1
    1994       6       7   295.4
    1994       6       8   297.4
    1994       6       9   294.1
    1994       6      10   292.2
    1994       6      11   292.6
    1994       6      12   290.2
    1994       6      13   290.6
    1994       6      14     293
    1994       6      15     296
    1994       6      16   298.5
    1994       6      17   299.1
    1994       6      18   299.2
    1994       6      19   299.2
    1994       6      20   299.4
    1994       6      21   296.7
    1994       6      22   295.2
    1994       6      23   296.2
    1994       6      24   299.8
    1994       6      25   299.2
    1994       6      26   294.9
    1994       6      27   294.4
    1994       6      28   294.8
    1994       6      29   296.7
    1994       6      30   299.7
    1994       7       1   303.6
    1994       7       2   304.6
    1994       7       3   306.2
    1994       7       4   308.9
    1994       7       5   308.2
    1994       7       6   305.9
    1994       7       7   302.6
    1994       7       8   300.8
    1994       7       9   301.1
    1994       7      10   300.9
    1994       7      11   301.7
    1994       7      12   301.1
    1994       7      13   300.2
    1994       7      14   300.6
    1994       7      15   302.3
    1994       7      16   303.9
    1994       7      17   303.5
    1994       7      18   306.2
    1994       7      19   305.7
    1994       7      20     304
    1994       7      21   303.1
    1994       7      22   302.4
    1994       7      23   302.4
    1994       7      24     303
    1994       7      25   301.5
    1994       7      26   299.2
    1994       7      27   299.7
    1994       7      28   301.2
    1994       7      29   301.9
    1994       7      30   301.9
    1994       7      31   299.9
    1994       8       1     299
    1994       8       2   299.8
    1994       8       3     301
    1994       8       4   302.1
    1994       8       5   302.1
    1994       8       6   303.1
    1994       8       7   305.5
    1994       8       8   305.8
    1994       8       9   304.7
    1994       8      10   301.2
    1994       8      11   302.8
    1994       8      12   303.9
    1994       8      13   304.7
    1994       8      14   302.3
    1994       8      15   301.8
    1994       8      16   303.7
    1994       8      17     305
    1994       8      18   304.7
    1994       8      19   302.4
    1994       8      20   303.8
    1994       8      21   305.8
    1994       8      22   307.3
    1994       8      23   306.9
    1994       8      24   302.9
    1994       8      25   300.3
    1994       8      26   300.8
    1994       8      27   301.5
    1994       8      28   303.6
    1994       8      29   304.1
    1994       8      30   302.6
    1994       8      31   302.7
    1994       9       1   303.1
    1994       9       2   300.9
    1994       9       3     298
    1994       9       4   300.1
    1994       9       5   296.2
    1994       9       6   297.1
    1994       9       7   300.7
    1994       9       8   301.5
    1994       9       9   298.5
    1994       9      10   299.6
    1994       9      11   301.2
    1994       9      12     302
    1994       9      13     301
    1994       9      14   296.1
    1994       9      15   293.9
    1994       9      16   296.5
    1994       9      17   296.2
    1994       9      18   292.5
    1994       9      19   292.4
    1994       9      20   296.2
    1994       9      21   297.4
    1994       9      22   294.7
    1994       9      23   291.3
    1994       9      24   292.5
    1994       9      25   295.3
    1994       9      26   295.8
    1994       9      27   295.5
    1994       9      28   293.6
    1994       9      29   293.9
    1994       9      30   292.8
    1994      10       1   292.9
    1994      10       2   293.3
    1994      10       3   293.9
    1994      10       4   296.2
    1994      10       5   294.8
    1994      10       6   292.9
    1994      10       7   292.8
    1994      10       8   293.2
    1994      10       9   294.5
    1994      10      10   297.2
    1994      10      11   295.3
    1994      10      12   295.3
    1994      10      13   294.6
    1994      10      14   293.6
    1994      10      15   294.1
    1994      10      16   292.9
    1994      10      17   290.6
    1994      10      18   291.1
    1994      10      19     292
    1994      10      20   290.9
    1994      10      21     290
    1994      10      22   293.4
    1994      10      23   293.5
    1994      10      24   291.4
    1994      10      25   291.9
    1994      10      26   293.8
    1994      10      27   293.2
    1994      10      28   293.7
    1994      10      29   292.3
    1994      10      30   291.3
    1994      10      31   292.7
    1994      11       1   293.9
    1994      11       2   293.3
    1994      11       3   292.4
    1994      11       4   291.5
    1994      11       5   287.3
    1994      11       6   287.3
    1994      11       7   290.2
    1994      11       8   290.3
    1994      11       9   291.3
    1994      11      10   290.6
    1994      11      11   292.1
    1994      11      12   291.7
    1994      11      13   288.9
    1994      11      14   288.9
    1994      11      15   290.1
    1994      11      16   291.5
    1994      11      17   290.2
    1994      11      18   290.7
    1994      11      19     292
    1994      11      20   290.5
    1994      11      21   291.5
    1994      11      22   290.9
    1994      11      23   289.5
    1994      11      24   289.5
    1994      11      25   288.7
    1994      11      26   288.3
    1994      11      27   288.6
    1994      11      28   287.4
    1994      11      29   287.7
    1994      11      30   287.9
    1994      12       1     288
    1994      12       2   288.5
    1994      12       3   290.3
    1994      12       4   288.8
    1994      12       5   289.3
    1994      12       6   289.4
    1994      12       7   288.5
    1994      12       8   287.7
    1994      12       9   286.7
    1994      12      10   287.6
    1994      12      11   287.3
    1994      12      12   288.3
    1994      12      13   289.3
    1994      12      14   289.2
    1994      12      15   286.9
    1994      12      16   285.9
    1994      12      17     286
    1994      12      18     285
    1994      12      19   284.6
    1994      12      20   283.2
    1994      12      21   284.7
    1994      12      22   285.2
    1994      12      23   280.7
    1994      12      24   280.4
    1994      12      25   280.6
    1994      12      26   281.8
    1994      12      27   281.6
    1994      12      28   283.4
    1994      12      29   283.1
    1994      12      30   288.5
    1994      12      31   290.7
    1995       1       1   289.9
    1995       1       2     282
    1995       1       3   280.3
    1995       1       4   280.3
    1995       1       5   282.1
    1995       1       6   284.1
    1995       1       7   281.8
    1995       1       8   280.8
    1995       1       9   282.8
    1995       1      10   284.5
    1995       1      11   285.4
    1995       1      12     287
    1995       1      13   280.6
    1995       1      14   281.3
    1995       1      15   282.6
    1995       1      16   283.9
    1995       1      17   283.4
    1995       1      18   286.6
    1995       1      19   283.4
    1995       1      20   285.4
    1995       1      21   284.3
    1995       1      22   284.2
    1995       1      23   285.3
    1995       1      24   287.5
    1995       1      25   288.5
    1995       1      26   287.2
    1995       1      27   287.3
    1995       1      28   286.2
    1995       1      29   286.2
    1995       1      30   287.4
    1995       1      31   287.8
    1995       2       1   287.8
    1995       2       2   286.7
    1995       2       3   283.7
    1995       2       4   284.9
    1995       2       5   286.3
    1995       2       6   288.2
    1995       2       7   286.7
    1995       2       8   286.5
    1995       2       9     288
    1995       2      10   288.8
    1995       2      11   286.3
    1995       2      12   285.1
    1995       2      13   287.5
    1995       2      14   287.5
    1995       2      15   290.3
    1995       2      16   289.8
    1995       2      17   290.1
    1995       2      18   286.9
    1995       2      19   286.1
    1995       2      20   287.3
    1995       2      21   289.9
    1995       2      22   286.5
    1995       2      23   284.8
    1995       2      24   287.6
    1995       2      25   291.1
    1995       2      26   286.6
    1995       2      27   282.3
    1995       2      28   283.1
    1995       3       1   286.4
    1995       3       2   285.9
    1995       3       3   285.6
    1995       3       4   283.3
    1995       3       5   286.9
    1995       3       6   287.8
    1995       3       7   283.9
    1995       3       8   284.7
    1995       3       9   286.2
    1995       3      10   288.4
    1995       3      11   289.9
    1995       3      12   287.8
    1995       3      13   286.2
    1995       3      14   286.9
    1995       3      15     288
    1995       3      16   287.9
    1995       3      17   287.2
    1995       3      18   288.6
    1995       3      19   291.4
    1995       3      20     290
    1995       3      21   285.5
    1995       3      22   283.6
    1995       3      23   284.5
    1995       3      24   286.1
    1995       3      25   288.3
    1995       3      26   287.5
    1995       3      27   289.4
    1995       3      28   289.5
    1995       3      29   291.9
    1995       3      30   286.8
    1995       3      31   282.9
    1995       4       1   284.7
    1995       4       2   287.1
    1995       4       3   288.2
    1995       4       4   289.7
    1995       4       5   290.7
    1995       4       6   290.1
    1995       4       7     290
    1995       4       8   290.1
    1995       4       9   291.7
    1995       4      10     291
    1995       4      11   291.1
    1995       4      12   290.3
    1995       4      13   290.7
    1995       4      14   288.5
    1995       4      15   287.4
    1995       4      16   287.9
    1995       4      17     289
    1995       4      18   291.6
    1995       4      19   293.5
    1995       4      20     290
    1995       4      21   287.2
    1995       4      22   285.4
    1995       4      23     285
    1995       4      24   284.2
    1995       4      25   286.6
    1995       4      26   287.5
    1995       4      27   289.3
    1995       4      28     289
    1995       4      29   290.6
    1995       4      30     292
    1995       5       1   292.3
    1995       5       2     291
    1995       5       3   289.7
    1995       5       4   290.6
    1995       5       5   290.8
    1995       5       6   292.5
    1995       5       7   293.8
    1995       5       8   295.5
    1995       5       9   296.2
    1995       5      10     294
    1995       5      11   292.2
    1995       5      12   289.8
    1995       5      13   289.4
    1995       5      14   291.3
    1995       5      15   294.5
    1995       5      16   296.1
    1995       5      17   294.1
    1995       5      18   296.4
    1995       5      19   296.4
    1995       5      20   292.6
    1995       5      21   290.1
    1995       5      22   291.9
    1995       5      23   294.6
    1995       5      24   295.2
    1995       5      25   293.9
    1995       5      26   292.9
    1995       5      27   293.8
    1995       5      28   295.1
    1995       5      29   296.7
    1995       5      30   295.5
    1995       5      31   291.6
    1995       6       1   291.8
    1995       6       2     293
    1995       6       3   294.5
    1995       6       4   294.3
    1995       6       5   294.8
    1995       6       6   295.6
    1995       6       7   295.5
    1995       6       8   294.8
    1995       6       9   294.2
    1995       6      10   293.2
    1995       6      11   293.9
    1995       6      12   293.8
    1995       6      13   294.8
    1995       6      14   296.9
    1995       6      15   295.4
    1995       6      16   293.9
    1995       6      17   294.8
    1995       6      18   297.5
    1995       6      19   299.8
    1995       6      20   298.6
    1995       6      21   298.2
    1995       6      22   297.2
    1995       6      23   298.8
    1995       6      24   296.8
    1995       6      25   295.1
    1995       6      26   295.5
    1995       6      27   295.2
    1995       6      28   296.3
    1995       6      29     298
    1995       6      30   299.3
    1995       7       1   299.5
    1995       7       2   297.6
    1995       7       3   296.3
    1995       7       4   296.7
    1995       7       5     296
    1995       7       6   295.5
    1995       7       7   296.6
    1995       7       8   298.4
    1995       7       9   298.7
    1995       7      10   298.5
    1995       7      11   298.4
    1995       7      12   300.6
    1995       7      13   299.5
    1995       7      14   298.8
    1995       7      15   300.7
    1995       7      16   301.2
    1995       7      17   301.7
    1995       7      18   300.9
    1995       7      19   301.5
    1995       7      20   301.4
    1995       7      21   302.1
    1995       7      22   303.5
    1995       7      23   302.6
    1995       7      24   302.9
    1995       7      25   301.8
    1995       7      26   301.8
    1995       7      27   303.5
    1995       7      28   301.9
    1995       7      29   302.6
    1995       7      30   302.4
    1995       7      31   300.6
    1995       8       1   300.8
    1995       8       2   302.1
    1995       8       3   302.8
    1995       8       4   300.2
    1995       8       5   301.1
    1995       8       6   301.8
    1995       8       7   301.7
    1995       8       8   300.3
    1995       8       9   300.9
    1995       8      10   303.6
    1995       8      11   303.5
    1995       8      12   302.1
    1995       8      13   302.1
    1995       8      14   301.2
    1995       8      15     301
    1995       8      16   299.9
    1995       8      17   303.6
    1995       8      18   302.6
    1995       8      19   299.1
    1995       8      20   299.7
    1995       8      21   299.1
    1995       8      22   298.3
    1995       8      23   298.8
    1995       8      24   296.8
    1995       8      25   297.5
    1995       8      26     298
    1995       8      27   298.8
    1995       8      28   300.3
    1995       8      29   298.4
    1995       8      30   298.7
    1995       8      31   299.9
    1995       9       1   299.9
    1995       9       2   301.7
    1995       9       3   302.2
    1995       9       4   299.5
    1995       9       5   295.3
    1995       9       6   295.9
    1995       9       7   298.2
    1995       9       8     296
    1995       9       9   296.7
    1995       9      10   298.1
    1995       9      11   297.8
    1995       9      12   297.5
    1995       9      13   294.1
    1995       9      14   296.4
    1995       9      15     298
    1995       9      16   296.6
    1995       9      17   296.4
    1995       9      18   294.7
    1995       9      19   292.7
    1995       9      20   292.7
    1995       9      21   293.4
    1995       9      22     294
    1995       9      23   291.8
    1995       9      24   291.2
    1995       9      25   292.6
    1995       9      26   290.6
    1995       9      27   291.3
    1995       9      28   295.1
    1995       9      29   296.7
    1995       9      30   296.3
    1995      10       1   296.8
    1995      10       2   296.5
    1995      10       3   297.2
    1995      10       4   297.4
    1995      10       5   295.8
    1995      10       6   295.3
    1995      10       7   294.9
    1995      10       8     294
    1995      10       9   293.9
    1995      10      10   293.4
    1995      10      11   292.9
    1995      10      12   292.2
    1995      10      13   292.6
    1995      10      14   293.7
    1995      10      15   294.2
    1995      10      16   292.5
    1995      10      17   291.2
    1995      10      18   292.4
    1995      10      19   292.5
    1995      10      20   291.8
    1995      10      21   291.8
    1995      10      22   292.2
    1995      10      23   292.4
    1995      10      24   292.3
    1995      10      25   294.4
    1995      10      26   294.5
    1995      10      27   295.7
    1995      10      28   296.5
    1995      10      29   296.6
    1995      10      30   294.7
    1995      10      31   293.2
    1995      11       1   293.5
    1995      11       2   294.3
    1995      11       3     292
    1995      11       4   291.6
    1995      11       5   288.7
    1995      11       6   288.2
    1995      11       7   288.9
    1995      11       8   291.6
    1995      11       9   292.1
    1995      11      10   291.7
    1995      11      11   294.3
    1995      11      12   291.4
    1995      11      13   286.8
    1995      11      14   288.2
    1995      11      15   290.1
    1995      11      16   292.8
    1995      11      17   294.1
    1995      11      18   294.5
    1995      11      19   292.9
    1995      11      20   293.3
    1995      11      21     294
    1995      11      22   288.9
    1995      11      23   286.1
    1995      11      24     287
    1995      11      25   288.5
    1995      11      26     286
    1995      11      27   284.5
    1995      11      28   286.2
    1995      11      29   287.2
    1995      11      30   287.8
    1995      12       1   286.9
    1995      12       2   286.2
    1995      12       3   286.5
    1995      12       4   287.8
    1995      12       5   285.5
    1995      12       6   284.2
    1995      12       7   286.6
    1995      12       8   286.2
    1995      12       9   286.5
    1995      12      10     287
    1995      12      11   287.9
    1995      12      12   286.9
    1995      12      13   285.9
    1995      12      14   284.2
    1995      12      15     289
    1995      12      16   288.8
    1995      12      17   285.6
    1995      12      18   285.7
    1995      12      19   287.6
    1995      12      20   287.5
    1995      12      21   287.6
    1995      12      22   288.8
    1995      12      23   290.6
    1995      12      24   290.8
    1995      12      25     291
    1995      12      26   291.3
    1995      12      27   288.6
    1995      12      28   288.3
    1995      12      29   286.7
    1995      12      30   290.7
    1995      12      31   289.7
    1996       1       1   290.6
    1996       1       2   287.5
    1996       1       3   287.5
    1996       1       4     289
    1996       1       5   289.5
    1996       1       6   288.5
    1996       1       7   289.1
    1996       1       8   287.9
    1996       1       9   289.9
    1996       1      10   285.4
    1996       1      11   284.4
    1996       1      12   286.3
    1996       1      13   283.8
    1996       1      14   284.2
    1996       1      15   286.6
    1996       1      16   287.1
    1996       1      17   286.8
    1996       1      18     285
    1996       1      19   284.3
    1996       1      20   284.4
    1996       1      21   286.7
    1996       1      22   289.8
    1996       1      23   288.6
    1996       1      24   286.7
    1996       1      25   283.7
    1996       1      26   283.4
    1996       1      27   286.8
    1996       1      28   288.4
    1996       1      29   285.6
    1996       1      30   284.5
    1996       1      31   286.1
    1996       2       1     287
    1996       2       2   285.2
    1996       2       3   286.7
    1996       2       4   285.2
    1996       2       5   282.6
    1996       2       6   287.5
    1996       2       7   285.6
    1996       2       8     286
    1996       2       9   285.7
    1996       2      10     286
    1996       2      11   283.5
    1996       2      12   283.5
    1996       2      13   286.8
    1996       2      14   285.8
    1996       2      15   282.3
    1996       2      16   281.2
    1996       2      17   283.1
    1996       2      18   286.3
    1996       2      19   286.1
    1996       2      20   281.4
    1996       2      21   278.9
    1996       2      22   278.2
    1996       2      23   280.9
    1996       2      24   283.5
    1996       2      25   285.1
    1996       2      26   284.6
    1996       2      27   282.4
    1996       2      28   283.5
    1996       3       1   284.5
    1996       3       2   284.8
    1996       3       3   283.8
    1996       3       4     283
    1996       3       5   282.3
    1996       3       6     285
    1996       3       7     285
    1996       3       8   285.3
    1996       3       9   285.5
    1996       3      10   285.4
    1996       3      11   284.8
    1996       3      12   284.6
    1996       3      13   285.9
    1996       3      14   283.8
    1996       3      15   283.1
    1996       3      16   284.2
    1996       3      17   283.4
    1996       3      18   285.5
    1996       3      19   286.3
    1996       3      20   288.3
    1996       3      21   288.4
    1996       3      22   289.9
    1996       3      23   290.9
    1996       3      24   292.2
    1996       3      25   293.4
    1996       3      26   289.8
    1996       3      27   289.1
    1996       3      28     290
    1996       3      29   291.5
    1996       3      30   289.3
    1996       3      31     289
    1996       4       1   288.8
    1996       4       2   286.6
    1996       4       3     286
    1996       4       4   285.4
    1996       4       5     286
    1996       4       6   286.3
    1996       4       7   287.7
    1996       4       8   288.7
    1996       4       9   288.9
    1996       4      10   290.1
    1996       4      11     292
    1996       4      12   293.8
    1996       4      13   294.7
    1996       4      14   293.5
    1996       4      15   290.8
    1996       4      16   290.6
    1996       4      17   290.7
    1996       4      18   287.5
    1996       4      19   288.5
    1996       4      20   291.6
    1996       4      21     294
    1996       4      22   293.9
    1996       4      23   288.3
    1996       4      24   287.5
    1996       4      25   287.2
    1996       4      26   287.6
    1996       4      27   288.8
    1996       4      28   289.6
    1996       4      29   288.5
    1996       4      30   288.8
    1996       5       1     289
    1996       5       2   289.6
    1996       5       3   289.9
    1996       5       4   290.5
    1996       5       5     291
    1996       5       6   291.2
    1996       5       7   290.3
    1996       5       8     291
    1996       5       9   290.4
    1996       5      10   289.2
    1996       5      11   288.2
    1996       5      12   286.8
    1996       5      13   289.6
    1996       5      14   290.5
    1996       5      15   292.1
    1996       5      16   293.4
    1996       5      17     294
    1996       5      18   293.3
    1996       5      19   290.4
    1996       5      20   289.3
    1996       5      21   291.7
    1996       5      22   290.9
    1996       5      23   291.8
    1996       5      24     294
    1996       5      25     297
    1996       5      26   297.1
    1996       5      27   297.3
    1996       5      28   297.5
    1996       5      29   295.3
    1996       5      30   294.5
    1996       5      31   295.4
    1996       6       1   295.7
    1996       6       2   295.3
    1996       6       3   291.7
    1996       6       4     291
    1996       6       5   292.4
    1996       6       6   293.4
    1996       6       7     295
    1996       6       8   297.1
    1996       6       9   296.4
    1996       6      10   295.3
    1996       6      11   296.2
    1996       6      12   296.6
    1996       6      13   297.4
    1996       6      14   298.2
    1996       6      15   297.4
    1996       6      16     297
    1996       6      17   296.5
    1996       6      18   297.3
    1996       6      19   299.4
    1996       6      20   301.6
    1996       6      21   299.8
    1996       6      22     296
    1996       6      23   294.5
    1996       6      24   292.2
    1996       6      25   291.9
    1996       6      26   293.4
    1996       6      27   295.3
    1996       6      28   296.4
    1996       6      29   299.1
    1996       6      30   298.7
    1996       7       1     301
    1996       7       2   298.8
    1996       7       3   297.7
    1996       7       4     301
    1996       7       5   302.3
    1996       7       6   301.8
    1996       7       7   299.7
    1996       7       8   294.7
    1996       7       9   293.6
    1996       7      10   295.9
    1996       7      11   295.4
    1996       7      12   295.5
    1996       7      13   296.1
    1996       7      14   295.7
    1996       7      15   296.7
    1996       7      16   297.8
    1996       7      17   297.3
    1996       7      18   298.7
    1996       7      19   301.2
    1996       7      20   302.2
    1996       7      21   300.7
    1996       7      22   300.8
    1996       7      23   302.7
    1996       7      24   305.2
    1996       7      25   304.3
    1996       7      26     301
    1996       7      27   298.1
    1996       7      28   297.6
    1996       7      29   300.1
    1996       7      30   301.4
    1996       7      31   300.4
    1996       8       1   300.4
    1996       8       2   300.9
    1996       8       3   299.9
    1996       8       4   299.5
    1996       8       5   301.8
    1996       8       6   301.4
    1996       8       7   300.5
    1996       8       8   299.7
    1996       8       9     301
    1996       8      10   303.4
    1996       8      11   302.4
    1996       8      12   301.9
    1996       8      13   300.6
    1996       8      14   299.1
    1996       8      15   298.1
    1996       8      16   297.7
    1996       8      17   298.3
    1996       8      18   299.9
    1996       8      19   300.5
    1996       8      20   299.9
    1996       8      21   298.8
    1996       8      22   298.9
    1996       8      23     301
    1996       8      24   300.2
    1996       8      25   298.4
    1996       8      26   300.6
    1996       8      27   301.3
    1996       8      28     298
    1996       8      29   296.9
    1996       8      30   295.6
    1996       8      31   294.8
    1996       9       1   295.2
    1996       9       2   295.8
    1996       9       3   295.3
    1996       9       4   294.8
    1996       9       5   296.9
    1996       9       6   298.1
    1996       9       7   301.4
    1996       9       8   298.1
    1996       9       9   293.5
    1996       9      10   294.1
    1996       9      11   295.7
    1996       9      12   293.7
    1996       9      13     294
    1996       9      14   295.4
    1996       9      15   295.5
    1996       9      16   295.7
    1996       9      17   295.7
    1996       9      18   293.4
    1996       9      19   295.3
    1996       9      20   294.6
    1996       9      21   294.7
    1996       9      22   292.3
    1996       9      23   292.8
    1996       9      24   294.4
    1996       9      25   295.5
    1996       9      26   293.3
    1996       9      27   295.1
    1996       9      28   296.2
    1996       9      29   295.5
    1996       9      30   296.2
    1996      10       1     296
    1996      10       2   292.5
    1996      10       3   291.4
    1996      10       4   291.2
    1996      10       5     292
    1996      10       6   288.8
    1996      10       7   287.5
    1996      10       8   290.3
    1996      10       9   290.4
    1996      10      10   291.1
    1996      10      11   292.1
    1996      10      12   292.1
    1996      10      13   292.6
    1996      10      14   292.5
    1996      10      15   288.6
    1996      10      16   290.4
    1996      10      17   291.3
    1996      10      18   292.5
    1996      10      19   294.1
    1996      10      20   292.8
    1996      10      21   293.6
    1996      10      22   295.2
    1996      10      23   295.6
    1996      10      24   293.8
    1996      10      25   293.6
    1996      10      26   291.3
    1996      10      27   291.3
    1996      10      28     293
    1996      10      29   293.4
    1996      10      30   290.5
    1996      10      31   289.2
    1996      11       1   291.3
    1996      11       2   290.9
    1996      11       3   290.8
    1996      11       4   291.8
    1996      11       5   290.7
    1996      11       6   288.1
    1996      11       7   289.4
    1996      11       8   290.6
    1996      11       9     290
    1996      11      10   290.1
    1996      11      11   290.5
    1996      11      12   293.8
    1996      11      13     292
    1996      11      14   289.9
    1996      11      15   287.2
    1996      11      16   287.4
    1996      11      17   282.8
    1996      11      18   284.3
    1996      11      19   284.2
    1996      11      20     289
    1996      11      21   288.9
    1996      11      22   289.1
    1996      11      23   288.2
    1996      11      24   288.1
    1996      11      25   289.5
    1996      11      26   291.3
    1996      11      27   291.2
    1996      11      28   287.9
    1996      11      29   284.6
    1996      11      30     287
    1996      12       1   290.2
    1996      12       2   288.7
    1996      12       3   288.3
    1996      12       4   288.2
    1996      12       5     287
    1996      12       6   284.2
    1996      12       7   283.4
    1996      12       8   284.2
    1996      12       9   284.8
    1996      12      10   285.2
    1996      12      11   286.6
    1996      12      12   289.5
    1996      12      13   289.5
    1996      12      14   289.3
    1996      12      15   286.1
    1996      12      16   286.4
    1996      12      17   287.2
    1996      12      18   290.4
    1996      12      19   288.6
    1996      12      20   288.5
    1996      12      21   290.7
    1996      12      22   291.2
    1996      12      23   288.9
    1996      12      24   287.1
    1996      12      25   285.8
    1996      12      26   284.3
    1996      12      27     282
    1996      12      28   284.8
    1996      12      29   286.4
    1996      12      30   286.4
    1996      12      31     287
    1997       1       1     287
    1997       1       2   286.6
    1997       1       3   284.7
    1997       1       4   282.4
    1997       1       5   283.2
    1997       1       6   282.2
    1997       1       7   281.3
    1997       1       8   285.8
    1997       1       9   286.9
    1997       1      10   285.5
    1997       1      11   285.9
    1997       1      12   284.9
    1997       1      13   283.9
    1997       1      14   283.9
    1997       1      15   285.1
    1997       1      16   286.9
    1997       1      17   285.5
    1997       1      18   283.4
    1997       1      19   288.2
    1997       1      20   289.9
    1997       1      21   289.1
    1997       1      22   291.2
    1997       1      23   288.1
    1997       1      24   285.5
    1997       1      25   285.2
    1997       1      26   284.7
    1997       1      27   284.9
    1997       1      28   284.7
    1997       1      29   284.8
    1997       1      30   285.3
    1997       1      31   285.9
    1997       2       1   286.8
    1997       2       2   285.9
    1997       2       3   286.3
    1997       2       4   284.2
    1997       2       5     284
    1997       2       6   285.5
    1997       2       7   283.8
    1997       2       8   283.6
    1997       2       9   284.9
    1997       2      10   285.3
    1997       2      11   287.1
    1997       2      12     289
    1997       2      13     288
    1997       2      14   287.5
    1997       2      15   287.7
    1997       2      16     287
    1997       2      17     286
    1997       2      18   285.9
    1997       2      19   286.9
    1997       2      20   288.9
    1997       2      21   288.8
    1997       2      22   287.8
    1997       2      23   288.4
    1997       2      24   289.4
    1997       2      25   290.4
    1997       2      26   291.2
    1997       2      27   287.4
    1997       2      28   286.5
    1997       3       1   288.5
    1997       3       2   290.9
    1997       3       3   287.2
    1997       3       4   288.1
    1997       3       5   290.4
    1997       3       6   289.7
    1997       3       7   287.7
    1997       3       8   285.6
    1997       3       9   285.2
    1997       3      10   284.6
    1997       3      11   285.7
    1997       3      12   285.5
    1997       3      13   285.8
    1997       3      14   288.2
    1997       3      15   288.1
    1997       3      16   287.5
    1997       3      17     289
    1997       3      18   291.2
    1997       3      19   292.9
    1997       3      20   290.5
    1997       3      21   290.5
    1997       3      22   289.5
    1997       3      23   288.2
    1997       3      24   289.6
    1997       3      25   288.9
    1997       3      26   286.7
    1997       3      27   286.1
    1997       3      28   288.4
    1997       3      29   288.6
    1997       3      30   287.3
    1997       3      31   287.7
    1997       4       1   288.3
    1997       4       2   289.2
    1997       4       3   289.9
    1997       4       4   291.1
    1997       4       5   289.1
    1997       4       6   290.4
    1997       4       7   290.7
    1997       4       8   287.8
    1997       4       9   286.1
    1997       4      10   286.1
    1997       4      11   286.3
    1997       4      12   288.7
    1997       4      13   289.5
    1997       4      14   290.4
    1997       4      15   290.7
    1997       4      16   292.8
    1997       4      17   291.2
    1997       4      18   286.9
    1997       4      19   289.2
    1997       4      20   291.1
    1997       4      21   286.8
    1997       4      22   288.1
    1997       4      23   288.3
    1997       4      24   288.4
    1997       4      25   289.7
    1997       4      26   291.1
    1997       4      27   293.9
    1997       4      28     294
    1997       4      29     296
    1997       4      30   293.1
    1997       5       1   290.1
    1997       5       2   290.6
    1997       5       3   293.4
    1997       5       4     295
    1997       5       5   294.9
    1997       5       6   292.5
    1997       5       7   288.4
    1997       5       8   286.9
    1997       5       9   291.8
    1997       5      10   293.6
    1997       5      11     292
    1997       5      12   291.5
    1997       5      13   292.2
    1997       5      14   292.4
    1997       5      15   291.4
    1997       5      16   291.5
    1997       5      17   290.9
    1997       5      18   292.5
    1997       5      19   294.5
    1997       5      20   294.3
    1997       5      21   293.6
    1997       5      22   295.3
    1997       5      23   295.7
    1997       5      24   296.2
    1997       5      25   297.1
    1997       5      26   295.9
    1997       5      27   295.6
    1997       5      28   296.5
    1997       5      29   297.7
    1997       5      30   295.4
    1997       5      31   293.9
    1997       6       1   292.4
    1997       6       2   293.7
    1997       6       3   296.3
    1997       6       4   295.4
    1997       6       5     292
    1997       6       6     297
    1997       6       7   299.5
    1997       6       8   298.6
    1997       6       9   299.5
    1997       6      10   300.1
    1997       6      11   299.4
    1997       6      12   300.6
    1997       6      13   301.1
    1997       6      14   301.6
    1997       6      15   298.4
    1997       6      16   299.1
    1997       6      17   297.4
    1997       6      18   294.2
    1997       6      19   294.5
    1997       6      20   298.2
    1997       6      21   298.9
    1997       6      22   296.6
    1997       6      23   295.8
    1997       6      24   296.5
    1997       6      25   298.2
    1997       6      26   301.1
    1997       6      27   296.1
    1997       6      28   293.9
    1997       6      29   292.7
    1997       6      30   293.6
    1997       7       1   296.7
    1997       7       2   295.5
    1997       7       3   295.1
    1997       7       4     295
    1997       7       5   294.3
    1997       7       6     294
    1997       7       7   296.1
    1997       7       8   295.4
    1997       7       9   298.1
    1997       7      10   296.1
    1997       7      11   297.4
    1997       7      12   298.1
    1997       7      13   301.4
    1997       7      14   301.5
    1997       7      15   301.5
    1997       7      16   298.3
    1997       7      17   298.4
    1997       7      18   299.3
    1997       7      19   298.2
    1997       7      20   296.9
    1997       7      21   298.3
    1997       7      22   299.6
    1997       7      23   298.7
    1997       7      24   297.2
    1997       7      25     300
    1997       7      26   300.5
    1997       7      27   301.2
    1997       7      28   300.8
    1997       7      29     300
    1997       7      30   300.4
    1997       7      31   299.3
    1997       8       1   301.7
    1997       8       2   302.1
    1997       8       3   302.5
    1997       8       4   301.8
    1997       8       5   300.6
    1997       8       6   300.9
    1997       8       7     300
    1997       8       8   301.6
    1997       8       9     302
    1997       8      10     302
    1997       8      11   299.1
    1997       8      12   299.1
    1997       8      13   298.9
    1997       8      14   299.1
    1997       8      15   300.9
    1997       8      16   300.6
    1997       8      17   300.9
    1997       8      18   300.6
    1997       8      19   300.4
    1997       8      20   302.2
    1997       8      21   301.2
    1997       8      22     300
    1997       8      23     299
    1997       8      24   298.8
    1997       8      25   298.4
    1997       8      26   297.6
    1997       8      27   298.3
    1997       8      28   297.4
    1997       8      29   296.1
    1997       8      30     298
    1997       8      31   300.7
    1997       9       1   302.1
    1997       9       2   298.6
    1997       9       3   295.9
    1997       9       4   296.2
    1997       9       5   297.3
    1997       9       6   298.3
    1997       9       7   297.9
    1997       9       8   298.5
    1997       9       9   298.6
    1997       9      10   301.1
    1997       9      11   302.6
    1997       9      12     302
    1997       9      13   301.6
    1997       9      14   297.4
    1997       9      15   296.4
    1997       9      16   295.1
    1997       9      17   296.1
    1997       9      18   296.1
    1997       9      19   296.1
    1997       9      20     296
    1997       9      21   295.4
    1997       9      22   295.7
    1997       9      23   296.6
    1997       9      24   297.4
    1997       9      25   296.7
    1997       9      26   296.9
    1997       9      27   297.2
    1997       9      28   297.1
    1997       9      29   297.4
    1997       9      30     296
    1997      10       1   295.9
    1997      10       2   296.7
    1997      10       3   296.5
    1997      10       4   296.9
    1997      10       5   295.7
    1997      10       6   296.8
    1997      10       7   296.3
    1997      10       8   295.8
    1997      10       9   296.4
    1997      10      10   296.6
    1997      10      11   298.7
    1997      10      12     299
    1997      10      13   293.7
    1997      10      14   290.6
    1997      10      15   289.9
    1997      10      16   292.6
    1997      10      17     294
    1997      10      18   295.6
    1997      10      19     296
    1997      10      20   296.3
    1997      10      21     297
    1997      10      22   295.8
    1997      10      23   293.7
    1997      10      24   293.2
    1997      10      25   293.3
    1997      10      26   294.2
    1997      10      27   293.1
    1997      10      28   292.7
    1997      10      29   289.1
    1997      10      30     287
    1997      10      31     288
    1997      11       1   290.3
    1997      11       2   291.9
    1997      11       3   293.9
    1997      11       4   292.9
    1997      11       5   293.4
    1997      11       6   294.1
    1997      11       7   288.1
    1997      11       8   290.5
    1997      11       9   291.5
    1997      11      10     290
    1997      11      11   289.4
    1997      11      12   286.3
    1997      11      13   287.9
    1997      11      14   290.1
    1997      11      15     289
    1997      11      16   289.4
    1997      11      17   289.3
    1997      11      18   290.7
    1997      11      19   288.4
    1997      11      20   289.1
    1997      11      21   289.6
    1997      11      22     286
    1997      11      23     285
    1997      11      24   287.7
    1997      11      25   288.8
    1997      11      26   288.8
    1997      11      27   286.5
    1997      11      28   287.2
    1997      11      29     288
    1997      11      30   288.3
    1997      12       1   287.8
    1997      12       2   288.5
    1997      12       3   288.2
    1997      12       4   287.3
    1997      12       5   284.6
    1997      12       6   283.2
    1997      12       7     284
    1997      12       8   285.9
    1997      12       9   287.6
    1997      12      10   286.4
    1997      12      11   287.1
    1997      12      12   288.3
    1997      12      13   284.8
    1997      12      14   283.4
    1997      12      15   285.2
    1997      12      16   288.2
    1997      12      17   290.2
    1997      12      18   292.4
    1997      12      19   288.6
    1997      12      20   285.8
    1997      12      21   285.6
    1997      12      22   288.4
    1997      12      23     287
    1997      12      24   286.1
    1997      12      25   286.2
    1997      12      26   285.5
    1997      12      27   283.8
    1997      12      28   284.3
    1997      12      29   285.6
    1997      12      30   286.7
    1997      12      31   286.5
    1998       1       1   283.4
    1998       1       2   282.6
    1998       1       3     288
    1998       1       4   288.2
    1998       1       5   287.2
    1998       1       6   285.7
    1998       1       7   285.3
    1998       1       8   285.5
    1998       1       9   285.1
    1998       1      10   285.7
    1998       1      11   286.7
    1998       1      12   287.4
    1998       1      13   287.5
    1998       1      14   282.8
    1998       1      15   283.2
    1998       1      16   284.2
    1998       1      17   285.1
    1998       1      18     285
    1998       1      19     287
    1998       1      20   289.2
    1998       1      21   284.3
    1998       1      22   282.9
    1998       1      23   284.4
    1998       1      24   283.9
    1998       1      25   282.1
    1998       1      26   282.7
    1998       1      27   285.7
    1998       1      28   286.7
    1998       1      29   286.1
    1998       1      30   285.9
    1998       1      31   287.2
    1998       2       1   286.3
    1998       2       2   288.1
    1998       2       3     288
    1998       2       4   286.9
    1998       2       5   285.4
    1998       2       6   285.4
    1998       2       7   284.3
    1998       2       8   285.1
    1998       2       9   284.7
    1998       2      10   285.1
    1998       2      11     286
    1998       2      12   284.9
    1998       2      13   286.2
    1998       2      14     286
    1998       2      15   287.9
    1998       2      16     288
    1998       2      17   287.5
    1998       2      18     286
    1998       2      19   285.1
    1998       2      20   287.5
    1998       2      21   289.4
    1998       2      22   286.2
    1998       2      23   283.1
    1998       2      24   282.5
    1998       2      25   283.7
    1998       2      26   284.6
    1998       2      27   286.3
    1998       2      28   288.5
    1998       3       1   288.6
    1998       3       2   287.7
    1998       3       3   288.3
    1998       3       4   289.9
    1998       3       5     291
    1998       3       6   291.4
    1998       3       7   291.2
    1998       3       8   291.6
    1998       3       9   290.3
    1998       3      10   286.1
    1998       3      11   285.9
    1998       3      12   283.8
    1998       3      13   282.3
    1998       3      14   283.2
    1998       3      15   285.5
    1998       3      16   286.9
    1998       3      17   289.1
    1998       3      18   291.1
    1998       3      19   288.2
    1998       3      20   288.7
    1998       3      21   288.3
    1998       3      22   288.9
    1998       3      23   287.5
    1998       3      24   286.7
    1998       3      25   284.6
    1998       3      26   284.9
    1998       3      27   287.9
    1998       3      28   289.5
    1998       3      29   290.6
    1998       3      30   289.3
    1998       3      31   288.4
    1998       4       1   288.8
    1998       4       2     290
    1998       4       3   292.4
    1998       4       4   291.9
    1998       4       5   289.7
    1998       4       6   288.2
    1998       4       7   290.8
    1998       4       8   288.6
    1998       4       9   286.9
    1998       4      10   285.5
    1998       4      11     284
    1998       4      12   284.3
    1998       4      13   287.2
    1998       4      14   287.7
    1998       4      15   287.9
    1998       4      16   287.2
    1998       4      17   288.6
    1998       4      18   287.4
    1998       4      19   288.8
    1998       4      20   289.8
    1998       4      21     291
    1998       4      22   289.9
    1998       4      23     289
    1998       4      24   291.6
    1998       4      25   293.2
    1998       4      26   293.7
    1998       4      27   288.6
    1998       4      28   288.9
    1998       4      29   290.8
    1998       4      30   287.8
    1998       5       1     287
    1998       5       2   286.7
    1998       5       3   285.7
    1998       5       4   287.1
    1998       5       5     287
    1998       5       6   288.9
    1998       5       7   290.2
    1998       5       8   292.6
    1998       5       9   293.7
    1998       5      10   294.7
    1998       5      11   292.9
    1998       5      12   292.2
    1998       5      13   291.4
    1998       5      14     289
    1998       5      15   290.9
    1998       5      16   293.8
    1998       5      17   295.3
    1998       5      18   294.5
    1998       5      19   292.6
    1998       5      20     291
    1998       5      21   290.9
    1998       5      22     292
    1998       5      23   292.9
    1998       5      24   291.5
    1998       5      25   290.4
    1998       5      26     292
    1998       5      27   292.5
    1998       5      28   290.8
    1998       5      29   292.4
    1998       5      30     294
    1998       5      31   294.6
    1998       6       1   296.6
    1998       6       2   297.7
    1998       6       3   297.1
    1998       6       4   298.4
    1998       6       5   296.1
    1998       6       6   293.8
    1998       6       7   295.5
    1998       6       8   296.1
    1998       6       9   296.7
    1998       6      10   299.8
    1998       6      11   297.1
    1998       6      12   293.4
    1998       6      13   293.6
    1998       6      14   297.6
    1998       6      15   297.7
    1998       6      16   294.7
    1998       6      17   293.9
    1998       6      18     295
    1998       6      19   296.8
    1998       6      20   298.4
    1998       6      21   299.5
    1998       6      22     302
    1998       6      23   301.5
    1998       6      24     301
    1998       6      25     301
    1998       6      26   299.7
    1998       6      27   302.2
    1998       6      28   302.3
    1998       6      29   301.9
    1998       6      30   302.3
    1998       7       1   299.2
    1998       7       2   299.4
    1998       7       3   298.9
    1998       7       4   298.7
    1998       7       5     299
    1998       7       6   301.6
    1998       7       7   300.3
    1998       7       8   299.4
    1998       7       9   297.9
    1998       7      10   299.9
    1998       7      11   299.9
    1998       7      12   300.1
    1998       7      13   301.8
    1998       7      14   302.3
    1998       7      15   297.6
    1998       7      16   300.8
    1998       7      17   301.6
    1998       7      18   302.7
    1998       7      19   302.2
    1998       7      20     301
    1998       7      21   301.7
    1998       7      22   300.8
    1998       7      23   301.3
    1998       7      24     303
    1998       7      25   302.3
    1998       7      26   303.5
    1998       7      27   304.8
    1998       7      28   302.2
    1998       7      29   301.9
    1998       7      30   303.9
    1998       7      31     303
    1998       8       1   299.6
    1998       8       2   299.5
    1998       8       3   295.8
    1998       8       4   295.8
    1998       8       5   297.2
    1998       8       6   298.5
    1998       8       7   299.9
    1998       8       8   300.3
    1998       8       9   300.9
    1998       8      10   301.8
    1998       8      11   301.6
    1998       8      12   301.3
    1998       8      13   301.8
    1998       8      14   300.8
    1998       8      15   301.4
    1998       8      16     301
    1998       8      17   303.2
    1998       8      18   302.8
    1998       8      19   300.6
    1998       8      20   300.5
    1998       8      21   299.6
    1998       8      22   300.7
    1998       8      23   301.1
    1998       8      24   301.2
    1998       8      25   302.4
    1998       8      26   303.4
    1998       8      27   303.2
    1998       8      28   299.5
    1998       8      29   298.4
    1998       8      30     301
    1998       8      31   303.2
    1998       9       1   304.5
    1998       9       2   301.9
    1998       9       3   301.6
    1998       9       4   302.9
    1998       9       5   300.9
    1998       9       6   301.1
    1998       9       7   301.6
    1998       9       8   297.5
    1998       9       9   298.4
    1998       9      10   301.1
    1998       9      11   299.7
    1998       9      12   296.7
    1998       9      13     299
    1998       9      14   298.7
    1998       9      15     297
    1998       9      16   297.3
    1998       9      17   297.9
    1998       9      18   297.1
    1998       9      19   297.1
    1998       9      20   297.3
    1998       9      21   294.4
    1998       9      22   293.7
    1998       9      23   293.3
    1998       9      24   294.3
    1998       9      25   296.4
    1998       9      26   296.6
    1998       9      27   295.7
    1998       9      28   295.5
    1998       9      29   295.1
    1998       9      30   295.8
    1998      10       1   292.9
    1998      10       2   292.2
    1998      10       3   292.5
    1998      10       4   294.2
    1998      10       5   292.8
    1998      10       6   290.6
    1998      10       7   291.1
    1998      10       8   290.1
    1998      10       9   288.3
    1998      10      10   289.5
    1998      10      11   290.9
    1998      10      12     293
    1998      10      13   292.8
    1998      10      14   291.9
    1998      10      15   293.4
    1998      10      16     295
    1998      10      17   296.9
    1998      10      18   296.4
    1998      10      19   292.6
    1998      10      20   288.8
    1998      10      21   289.8
    1998      10      22     290
    1998      10      23   292.5
    1998      10      24   294.6
    1998      10      25   295.7
    1998      10      26   293.4
    1998      10      27   290.9
    1998      10      28     292
    1998      10      29   293.8
    1998      10      30   293.2
    1998      10      31   292.1
    1998      11       1     293
    1998      11       2   291.6
    1998      11       3   292.3
    1998      11       4   293.4
    1998      11       5   290.7
    1998      11       6   287.9
    1998      11       7     288
    1998      11       8   287.9
    1998      11       9     290
    1998      11      10   291.1
    1998      11      11   290.9
    1998      11      12   291.4
    1998      11      13   290.2
    1998      11      14     291
    1998      11      15   289.5
    1998      11      16   289.2
    1998      11      17   288.9
    1998      11      18   288.1
    1998      11      19   285.4
    1998      11      20   284.5
    1998      11      21   283.9
    1998      11      22   283.6
    1998      11      23   285.1
    1998      11      24   284.2
    1998      11      25   284.8
    1998      11      26     286
    1998      11      27   285.4
    1998      11      28     287
    1998      11      29   286.9
    1998      11      30   282.8
    1998      12       1   282.7
    1998      12       2     286
    1998      12       3   284.6
    1998      12       4   284.4
    1998      12       5   282.6
    1998      12       6     283
    1998      12       7   283.5
    1998      12       8   283.9
    1998      12       9   285.6
    1998      12      10   286.9
    1998      12      11   288.8
    1998      12      12     290
    1998      12      13   288.4
    1998      12      14   288.5
    1998      12      15   289.6
    1998      12      16   287.9
    1998      12      17   287.2
    1998      12      18   285.2
    1998      12      19   286.4
    1998      12      20   286.1
    1998      12      21   284.6
    1998      12      22   283.5
    1998      12      23   283.6
    1998      12      24   283.6
    1998      12      25   281.8
    1998      12      26   282.1
    1998      12      27   284.6
    1998      12      28   285.1
    1998      12      29   285.2
    1998      12      30   286.7
    1998      12      31   285.3
    1999       1       1   283.5
    1999       1       2   281.8
    1999       1       3   284.8
    1999       1       4   286.1
    1999       1       5   288.7
    1999       1       6     287
    1999       1       7   286.5
    1999       1       8   287.5
    1999       1       9   287.4
    1999       1      10   284.6
    1999       1      11     282
    1999       1      12   282.9
    1999       1      13   283.5
    1999       1      14   284.8
    1999       1      15   284.9
    1999       1      16   283.7
    1999       1      17   285.6
    1999       1      18   282.1
    1999       1      19   282.7
    1999       1      20   283.7
    1999       1      21   284.2
    1999       1      22   284.8
    1999       1      23   284.3
    1999       1      24     283
    1999       1      25   283.5
    1999       1      26   284.7
    1999       1      27   286.2
    1999       1      28   286.5
    1999       1      29     287
    1999       1      30   284.8
    1999       1      31   280.2
    1999       2       1   278.3
    1999       2       2   279.6
    1999       2       3   281.5
    1999       2       4   283.6
    1999       2       5   285.9
    1999       2       6   286.1
    1999       2       7   285.8
    1999       2       8   284.8
    1999       2       9     285
    1999       2      10   282.6
    1999       2      11   280.7
    1999       2      12   280.4
    1999       2      13   280.4
    1999       2      14   278.9
    1999       2      15   279.4
    1999       2      16   280.5
    1999       2      17   284.2
    1999       2      18   285.3
    1999       2      19   285.2
    1999       2      20   287.6
    1999       2      21   288.1
    1999       2      22     289
    1999       2      23   287.6
    1999       2      24   288.2
    1999       2      25     287
    1999       2      26   287.3
    1999       2      27     287
    1999       2      28   285.8
    1999       3       1   284.4
    1999       3       2   284.2
    1999       3       3   285.8
    1999       3       4   284.4
    1999       3       5   282.3
    1999       3       6   282.5
    1999       3       7   283.4
    1999       3       8   286.3
    1999       3       9   288.6
    1999       3      10   290.2
    1999       3      11     290
    1999       3      12   287.8
    1999       3      13   288.2
    1999       3      14   288.1
    1999       3      15   287.7
    1999       3      16   287.3
    1999       3      17     287
    1999       3      18   287.3
    1999       3      19   287.9
    1999       3      20   286.8
    1999       3      21   286.8
    1999       3      22   288.2
    1999       3      23   286.6
    1999       3      24   288.8
    1999       3      25   289.1
    1999       3      26   285.3
    1999       3      27   285.6
    1999       3      28   284.7
    1999       3      29   287.1
    1999       3      30   288.8
    1999       3      31   290.4
    1999       4       1   290.7
    1999       4       2   289.3
    1999       4       3     291
    1999       4       4   290.3
    1999       4       5   291.6
    1999       4       6   292.3
    1999       4       7   292.5
    1999       4       8   289.7
    1999       4       9   287.1
    1999       4      10   287.5
    1999       4      11   289.8
    1999       4      12   290.7
    1999       4      13   291.1
    1999       4      14   289.8
    1999       4      15   288.6
    1999       4      16   284.4
    1999       4      17   287.8
    1999       4      18     287
    1999       4      19     289
    1999       4      20   292.7
    1999       4      21   294.2
    1999       4      22   291.1
    1999       4      23   290.8
    1999       4      24   290.4
    1999       4      25   292.5
    1999       4      26     291
    1999       4      27   289.7
    1999       4      28   289.9
    1999       4      29   289.5
    1999       4      30   291.2
    1999       5       1     292
    1999       5       2     290
    1999       5       3   288.6
    1999       5       4   290.9
    1999       5       5   292.4
    1999       5       6   296.5
    1999       5       7   295.9
    1999       5       8   294.4
    1999       5       9   294.7
    1999       5      10     296
    1999       5      11   298.5
    1999       5      12   299.9
    1999       5      13   298.7
    1999       5      14   299.9
    1999       5      15   297.5
    1999       5      16     295
    1999       5      17   291.1
    1999       5      18   290.1
    1999       5      19   289.9
    1999       5      20     291
    1999       5      21   292.4
    1999       5      22   291.8
    1999       5      23   293.5
    1999       5      24   294.8
    1999       5      25   295.5
    1999       5      26   297.2
    1999       5      27   298.1
    1999       5      28     298
    1999       5      29   299.4
    1999       5      30   299.2
    1999       5      31   300.6
    1999       6       1   300.2
    1999       6       2   298.7
    1999       6       3   299.6
    1999       6       4   298.2
    1999       6       5   298.3
    1999       6       6   297.4
    1999       6       7   294.8
    1999       6       8   294.2
    1999       6       9   294.5
    1999       6      10   293.3
    1999       6      11   294.9
    1999       6      12   297.1
    1999       6      13   297.1
    1999       6      14   295.5
    1999       6      15   296.1
    1999       6      16   297.9
    1999       6      17   299.7
    1999       6      18   297.1
    1999       6      19   295.5
    1999       6      20   297.7
    1999       6      21   300.6
    1999       6      22   298.2
    1999       6      23   297.8
    1999       6      24   297.7
    1999       6      25   297.8
    1999       6      26   299.7
    1999       6      27   300.3
    1999       6      28   300.5
    1999       6      29   299.2
    1999       6      30   299.7
    1999       7       1   301.2
    1999       7       2   303.9
    1999       7       3   306.1
    1999       7       4   304.7
    1999       7       5   301.9
    1999       7       6   300.9
    1999       7       7   297.4
    1999       7       8   297.6
    1999       7       9   299.8
    1999       7      10   301.9
    1999       7      11   302.3
    1999       7      12   299.5
    1999       7      13   298.4
    1999       7      14   299.6
    1999       7      15   300.7
    1999       7      16   301.3
    1999       7      17   301.3
    1999       7      18   302.1
    1999       7      19   299.6
    1999       7      20   299.6
    1999       7      21   300.8
    1999       7      22   302.8
    1999       7      23   299.6
    1999       7      24   298.9
    1999       7      25   300.3
    1999       7      26   300.6
    1999       7      27   297.1
    1999       7      28   297.8
    1999       7      29   300.3
    1999       7      30   301.2
    1999       7      31   301.1
    1999       8       1   300.1
    1999       8       2   301.2
    1999       8       3   301.5
    1999       8       4   301.7
    1999       8       5   303.4
    1999       8       6   302.6
    1999       8       7   303.6
    1999       8       8   301.1
    1999       8       9   302.5
    1999       8      10   301.7
    1999       8      11   300.1
    1999       8      12   301.4
    1999       8      13   300.6
    1999       8      14   300.2
    1999       8      15   302.8
    1999       8      16   303.3
    1999       8      17   304.3
    1999       8      18   303.6
    1999       8      19   302.8
    1999       8      20   303.1
    1999       8      21     301
    1999       8      22   302.8
    1999       8      23   303.3
    1999       8      24   303.8
    1999       8      25   305.7
    1999       8      26   304.4
    1999       8      27   303.2
    1999       8      28   304.6
    1999       8      29   302.9
    1999       8      30   301.1
    1999       8      31     301
    1999       9       1   300.8
    1999       9       2   301.1
    1999       9       3   301.2
    1999       9       4   300.4
    1999       9       5   299.4
    1999       9       6   299.7
    1999       9       7   297.6
    1999       9       8   297.6
    1999       9       9   296.8
    1999       9      10     297
    1999       9      11   298.2
    1999       9      12   297.7
    1999       9      13   297.3
    1999       9      14   298.2
    1999       9      15   296.2
    1999       9      16   298.6
    1999       9      17   297.3
    1999       9      18     295
    1999       9      19   296.8
    1999       9      20   293.2
    1999       9      21     295
    1999       9      22     298
    1999       9      23   298.3
    1999       9      24   298.7
    1999       9      25   298.2
    1999       9      26   295.9
    1999       9      27   296.5
    1999       9      28   297.2
    1999       9      29   297.5
    1999       9      30   296.4
    1999      10       1   295.2
    1999      10       2     297
    1999      10       3   298.8
    1999      10       4   294.3
    1999      10       5   293.1
    1999      10       6   294.1
    1999      10       7   293.9
    1999      10       8   292.9
    1999      10       9   292.5
    1999      10      10   293.2
    1999      10      11   294.2
    1999      10      12   296.3
    1999      10      13   296.8
    1999      10      14   294.5
    1999      10      15   295.9
    1999      10      16   295.1
    1999      10      17   294.4
    1999      10      18   292.5
    1999      10      19   290.7
    1999      10      20   292.6
    1999      10      21   290.4
    1999      10      22   294.6
    1999      10      23   293.4
    1999      10      24     295
    1999      10      25   292.9
    1999      10      26   294.5
    1999      10      27   295.3
    1999      10      28   296.4
    1999      10      29   297.4
    1999      10      30   294.4
    1999      10      31     293
    1999      11       1   291.4
    1999      11       2   291.5
    1999      11       3     290
    1999      11       4   289.9
    1999      11       5   289.6
    1999      11       6   292.8
    1999      11       7   290.7
    1999      11       8     288
    1999      11       9   286.3
    1999      11      10   286.8
    1999      11      11   288.1
    1999      11      12   290.3
    1999      11      13   284.4
    1999      11      14   285.6
    1999      11      15   284.8
    1999      11      16   285.4
    1999      11      17   284.3
    1999      11      18   284.9
    1999      11      19     286
    1999      11      20   282.5
    1999      11      21   280.4
    1999      11      22   280.6
    1999      11      23   282.2
    1999      11      24   283.9
    1999      11      25   284.4
    1999      11      26   283.8
    1999      11      27   283.7
    1999      11      28   284.3
    1999      11      29   285.7
    1999      11      30   285.3
    1999      12       1   286.9
    1999      12       2   286.6
    1999      12       3   287.5
    1999      12       4   287.7
    1999      12       5   286.5
    1999      12       6   284.4
    1999      12       7   284.1
    1999      12       8   285.3
    1999      12       9   285.2
    1999      12      10   284.7
    1999      12      11   284.9
    1999      12      12   285.6
    1999      12      13   288.1
    1999      12      14   289.7
    1999      12      15   288.2
    1999      12      16   279.4
    1999      12      17   278.4
    1999      12      18   281.5
    1999      12      19   283.7
    1999      12      20   285.1
    1999      12      21   282.8
    1999      12      22   284.4
    1999      12      23   285.2
    1999      12      24   285.3
    1999      12      25   285.6
    1999      12      26   287.5
    1999      12      27   289.3
    1999      12      28   288.7
    1999      12      29   285.2
    1999      12      30     281
    1999      12      31   280.1
    2000       1       1   282.1
    2000       1       2   283.9
    2000       1       3     283
    2000       1       4   283.1
    2000       1       5   282.9
    2000       1       6   283.1
    2000       1       7   283.7
    2000       1       8   282.9
    2000       1       9   283.6
    2000       1      10   283.6
    2000       1      11   282.9
    2000       1      12   282.8
    2000       1      13   281.8
    2000       1      14   282.2
    2000       1      15   282.4
    2000       1      16   282.9
    2000       1      17   282.9
    2000       1      18   281.7
    2000       1      19   283.3
    2000       1      20   281.9
    2000       1      21   282.1
    2000       1      22   283.1
    2000       1      23   281.7
    2000       1      24   279.9
    2000       1      25   280.2
    2000       1      26   282.9
    2000       1      27   283.6
    2000       1      28   284.4
    2000       1      29   283.9
    2000       1      30   285.2
    2000       1      31   287.1
    2000       2       1   289.8
    2000       2       2   289.7
    2000       2       3   286.9
    2000       2       4   284.6
    2000       2       5   283.9
    2000       2       6   286.4
    2000       2       7   285.6
    2000       2       8   287.6
    2000       2       9   287.5
    2000       2      10   285.8
    2000       2      11   286.9
    2000       2      12   285.4
    2000       2      13   283.4
    2000       2      14   286.2
    2000       2      15   287.4
    2000       2      16   288.7
    2000       2      17     288
    2000       2      18   288.9
    2000       2      19   289.8
    2000       2      20   287.7
    2000       2      21   285.5
    2000       2      22   287.1
    2000       2      23   284.8
    2000       2      24   284.3
    2000       2      25   285.3
    2000       2      26   286.4
    2000       2      27   287.7
    2000       2      28   286.9
    2000       3       1   289.4
    2000       3       2   286.5
    2000       3       3   286.2
    2000       3       4   288.3
    2000       3       5   287.4
    2000       3       6   286.6
    2000       3       7     287
    2000       3       8   287.3
    2000       3       9   287.3
    2000       3      10   290.2
    2000       3      11     292
    2000       3      12   292.6
    2000       3      13   289.9
    2000       3      14   286.9
    2000       3      15   286.5
    2000       3      16   286.7
    2000       3      17   286.1
    2000       3      18   287.6
    2000       3      19   285.9
    2000       3      20   285.5
    2000       3      21   287.6
    2000       3      22   289.9
    2000       3      23     290
    2000       3      24   287.5
    2000       3      25   287.7
    2000       3      26   287.7
    2000       3      27   290.1
    2000       3      28   287.1
    2000       3      29   285.7
    2000       3      30   287.1
    2000       3      31   287.8
    2000       4       1   289.7
    2000       4       2   290.7
    2000       4       3   288.4
    2000       4       4   287.3
    2000       4       5   285.5
    2000       4       6     286
    2000       4       7   287.1
    2000       4       8   289.5
    2000       4       9     289
    2000       4      10   288.3
    2000       4      11   286.5
    2000       4      12   288.6
    2000       4      13   288.9
    2000       4      14   289.5
    2000       4      15   289.9
    2000       4      16     291
    2000       4      17   287.2
    2000       4      18   288.3
    2000       4      19   290.4
    2000       4      20   291.5
    2000       4      21     294
    2000       4      22   294.3
    2000       4      23   287.4
    2000       4      24   290.5
    2000       4      25   292.9
    2000       4      26   292.1
    2000       4      27   288.7
    2000       4      28   286.8
    2000       4      29   288.9
    2000       4      30   290.6
    2000       5       1   290.4
    2000       5       2   290.6
    2000       5       3   293.6
    2000       5       4     295
    2000       5       5   292.3
    2000       5       6   291.3
    2000       5       7   290.4
    2000       5       8   291.1
    2000       5       9   291.1
    2000       5      10   289.8
    2000       5      11   290.9
    2000       5      12   292.2
    2000       5      13   293.1
    2000       5      14   293.3
    2000       5      15   294.1
    2000       5      16   294.1
    2000       5      17   294.9
    2000       5      18   294.2
    2000       5      19   295.4
    2000       5      20     295
    2000       5      21   295.1
    2000       5      22   293.1
    2000       5      23   293.1
    2000       5      24   293.1
    2000       5      25   292.3
    2000       5      26   295.2
    2000       5      27   295.4
    2000       5      28   296.4
    2000       5      29     299
    2000       5      30   299.2
    2000       5      31   300.6
    2000       6       1   299.1
    2000       6       2   298.2
    2000       6       3   298.7
    2000       6       4   298.6
    2000       6       5   299.2
    2000       6       6   295.7
    2000       6       7   293.4
    2000       6       8   295.5
    2000       6       9   296.8
    2000       6      10   290.8
    2000       6      11     293
    2000       6      12   293.6
    2000       6      13   292.5
    2000       6      14   292.9
    2000       6      15   294.2
    2000       6      16   296.9
    2000       6      17     299
    2000       6      18   298.9
    2000       6      19   296.1
    2000       6      20   295.6
    2000       6      21   296.3
    2000       6      22   297.7
    2000       6      23   299.1
    2000       6      24   297.6
    2000       6      25   298.3
    2000       6      26   299.6
    2000       6      27     302
    2000       6      28   303.5
    2000       6      29   302.6
    2000       6      30   302.5
    2000       7       1   304.7
    2000       7       2   304.3
    2000       7       3   303.6
    2000       7       4   300.9
    2000       7       5   300.8
    2000       7       6   302.8
    2000       7       7   305.4
    2000       7       8   299.2
    2000       7       9   298.6
    2000       7      10     300
    2000       7      11   296.8
    2000       7      12   295.9
    2000       7      13   296.2
    2000       7      14   298.3
    2000       7      15   300.1
    2000       7      16   297.9
    2000       7      17   298.8
    2000       7      18   297.6
    2000       7      19   300.2
    2000       7      20   301.2
    2000       7      21   301.4
    2000       7      22   302.9
    2000       7      23   303.5
    2000       7      24   299.4
    2000       7      25     301
    2000       7      26   301.3
    2000       7      27     303
    2000       7      28   303.4
    2000       7      29   300.4
    2000       7      30   299.7
    2000       7      31   300.4
    2000       8       1   301.9
    2000       8       2   304.6
    2000       8       3   303.2
    2000       8       4   297.4
    2000       8       5   295.7
    2000       8       6     296
    2000       8       7   296.5
    2000       8       8     298
    2000       8       9   298.7
    2000       8      10   299.6
    2000       8      11   302.1
    2000       8      12   300.7
    2000       8      13   300.6
    2000       8      14   302.1
    2000       8      15     302
    2000       8      16   302.4
    2000       8      17   303.2
    2000       8      18   302.4
    2000       8      19   305.6
    2000       8      20   305.6
    2000       8      21   305.1
    2000       8      22   302.7
    2000       8      23     302
    2000       8      24   304.1
    2000       8      25   304.5
    2000       8      26   302.5
    2000       8      27   301.5
    2000       8      28   299.1
    2000       8      29   300.4
    2000       8      30   301.4
    2000       8      31   301.6
    2000       9       1   300.9
    2000       9       2   300.7
    2000       9       3   299.2
    2000       9       4   297.8
    2000       9       5   296.2
    2000       9       6   297.1
    2000       9       7   300.4
    2000       9       8   297.6
    2000       9       9   295.6
    2000       9      10   296.4
    2000       9      11   297.5
    2000       9      12     299
    2000       9      13   299.2
    2000       9      14   299.9
    2000       9      15   301.4
    2000       9      16   301.6
    2000       9      17   301.3
    2000       9      18   299.6
    2000       9      19   297.6
    2000       9      20   294.2
    2000       9      21   294.4
    2000       9      22   295.4
    2000       9      23   295.3
    2000       9      24   297.6
    2000       9      25   297.1
    2000       9      26   297.7
    2000       9      27     297
    2000       9      28   296.2
    2000       9      29   293.1
    2000       9      30   291.3
    2000      10       1   291.8
    2000      10       2   293.5
    2000      10       3   294.9
    2000      10       4   294.5
    2000      10       5   294.8
    2000      10       6   293.2
    2000      10       7   293.1
    2000      10       8   293.8
    2000      10       9   294.4
    2000      10      10   294.3
    2000      10      11   293.9
    2000      10      12   293.3
    2000      10      13   288.6
    2000      10      14   287.9
    2000      10      15   290.4
    2000      10      16   290.7
    2000      10      17   290.7
    2000      10      18   291.3
    2000      10      19   292.8
    2000      10      20   292.5
    2000      10      21   292.5
    2000      10      22   293.5
    2000      10      23   294.4
    2000      10      24   292.4
    2000      10      25   291.9
    2000      10      26   291.8
    2000      10      27   291.6
    2000      10      28   292.4
    2000      10      29   293.4
    2000      10      30   292.2
    2000      10      31   290.4
    2000      11       1   288.4
    2000      11       2   290.1
    2000      11       3   290.6
    2000      11       4   287.1
    2000      11       5   287.5
    2000      11       6   290.5
    2000      11       7   286.3
    2000      11       8   285.8
    2000      11       9   287.3
    2000      11      10   287.3
    2000      11      11   289.1
    2000      11      12   290.9
    2000      11      13     292
    2000      11      14   288.9
    2000      11      15   287.7
    2000      11      16   284.1
    2000      11      17   285.7
    2000      11      18   284.9
    2000      11      19   285.4
    2000      11      20   286.9
    2000      11      21   286.8
    2000      11      22   287.2
    2000      11      23   289.1
    2000      11      24   285.4
    2000      11      25   288.1
    2000      11      26   291.1
    2000      11      27   291.7
    2000      11      28   291.2
    2000      11      29   289.3
    2000      11      30   287.7
    2000      12       1   288.8
    2000      12       2   288.9
    2000      12       3   284.5
    2000      12       4   286.9
    2000      12       5   287.7
    2000      12       6   289.5
    2000      12       7     291
    2000      12       8   291.4
    2000      12       9   287.5
    2000      12      10   286.4
    2000      12      11   287.2
    2000      12      12   289.3
    2000      12      13   290.1
    2000      12      14   288.6
    2000      12      15   287.1
    2000      12      16   283.4
    2000      12      17   283.5
    2000      12      18   284.9
    2000      12      19   285.6
    2000      12      20   284.2
    2000      12      21   284.8
    2000      12      22   286.4
    2000      12      23   285.6
    2000      12      24   287.4
    2000      12      25   287.4
    2000      12      26   289.2
    2000      12      27   285.4
    2000      12      28   284.7
    2000      12      29     287
    2000      12      30   287.2
    2000      12      31   281.8
    2001       1       1   286.3
    2001       1       2   288.2
    2001       1       3   285.5
    2001       1       4   287.8
    2001       1       5   288.9
    2001       1       6   290.5
    2001       1       7   283.9
    2001       1       8   282.8
    2001       1       9   283.4
    2001       1      10   287.1
    2001       1      11   288.2
    2001       1      12     286
    2001       1      13   284.1
    2001       1      14   284.8
    2001       1      15   284.2
    2001       1      16   283.6
    2001       1      17   283.9
    2001       1      18   284.4
    2001       1      19   283.9
    2001       1      20   284.1
    2001       1      21   284.6
    2001       1      22   285.1
    2001       1      23   287.8
    2001       1      24   289.1
    2001       1      25   287.5
    2001       1      26   283.3
    2001       1      27   287.5
    2001       1      28   285.9
    2001       1      29   283.2
    2001       1      30   281.8
    2001       1      31   283.8
    2001       2       1   285.1
    2001       2       2   283.5
    2001       2       3   285.7
    2001       2       4   286.4
    2001       2       5   286.7
    2001       2       6   287.3
    2001       2       7   288.5
    2001       2       8   285.8
    2001       2       9   283.5
    2001       2      10   286.1
    2001       2      11   286.2
    2001       2      12   285.3
    2001       2      13   287.4
    2001       2      14   285.4
    2001       2      15   284.2
    2001       2      16   283.8
    2001       2      17   284.1
    2001       2      18   282.5
    2001       2      19   282.8
    2001       2      20   283.7
    2001       2      21     285
    2001       2      22   287.4
    2001       2      23   288.3
    2001       2      24   286.1
    2001       2      25   282.6
    2001       2      26   282.2
    2001       2      27   283.4
    2001       2      28   282.1
    2001       3       1   284.1
    2001       3       2   291.8
    2001       3       3   290.2
    2001       3       4   289.9
    2001       3       5     291
    2001       3       6   292.9
    2001       3       7   294.1
    2001       3       8   287.4
    2001       3       9   288.6
    2001       3      10   290.5
    2001       3      11   292.5
    2001       3      12   292.3
    2001       3      13   287.7
    2001       3      14   286.6
    2001       3      15   288.4
    2001       3      16   289.6
    2001       3      17   287.1
    2001       3      18   286.7
    2001       3      19   288.5
    2001       3      20   292.4
    2001       3      21   293.2
    2001       3      22   295.3
    2001       3      23   296.8
    2001       3      24   293.7
    2001       3      25   289.6
    2001       3      26   287.6
    2001       3      27   287.9
    2001       3      28   288.5
    2001       3      29   288.8
    2001       3      30   288.4
    2001       3      31   289.4
    2001       4       1   287.1
    2001       4       2   288.3
    2001       4       3   290.8
    2001       4       4     290
    2001       4       5   290.9
    2001       4       6   292.7
    2001       4       7   291.1
    2001       4       8   288.9
    2001       4       9   288.5
    2001       4      10   290.9
    2001       4      11   290.3
    2001       4      12   286.6
    2001       4      13   287.2
    2001       4      14   287.3
    2001       4      15   287.1
    2001       4      16   291.8
    2001       4      17   291.3
    2001       4      18   288.5
    2001       4      19   288.5
    2001       4      20   286.8
    2001       4      21   285.4
    2001       4      22   288.4
    2001       4      23   293.1
    2001       4      24   294.8
    2001       4      25   294.4
    2001       4      26   291.4
    2001       4      27   290.6
    2001       4      28   289.2
    2001       4      29   290.4
    2001       4      30   289.4
    2001       5       1     286
    2001       5       2   286.2
    2001       5       3   287.3
    2001       5       4   286.1
    2001       5       5     288
    2001       5       6   289.2
    2001       5       7     289
    2001       5       8   289.2
    2001       5       9   291.1
    2001       5      10     288
    2001       5      11   290.3
    2001       5      12   292.8
    2001       5      13   293.4
    2001       5      14   292.5
    2001       5      15   293.6
    2001       5      16   295.5
    2001       5      17   296.6
    2001       5      18   294.1
    2001       5      19   290.9
    2001       5      20   289.7
    2001       5      21   291.7
    2001       5      22   293.6
    2001       5      23     294
    2001       5      24   294.1
    2001       5      25     295
    2001       5      26   296.1
    2001       5      27   294.6
    2001       5      28   295.3
    2001       5      29   296.9
    2001       5      30   297.4
    2001       5      31   299.7
    2001       6       1   298.1
    2001       6       2   298.6
    2001       6       3   301.6
    2001       6       4   301.2
    2001       6       5   301.2
    2001       6       6   299.7
    2001       6       7   296.7
    2001       6       8     300
    2001       6       9   301.2
    2001       6      10   296.6
    2001       6      11   293.4
    2001       6      12   292.7
    2001       6      13   295.5
    2001       6      14   298.9
    2001       6      15   302.6
    2001       6      16     299
    2001       6      17   297.1
    2001       6      18   294.6
    2001       6      19   294.2
    2001       6      20   296.3
    2001       6      21     298
    2001       6      22   301.1
    2001       6      23   304.2
    2001       6      24   304.5
    2001       6      25   303.7
    2001       6      26   303.4
    2001       6      27   299.5
    2001       6      28   297.4
    2001       6      29   297.1
    2001       6      30   298.3
    2001       7       1   299.1
    2001       7       2   300.2
    2001       7       3   300.5
    2001       7       4   300.7
    2001       7       5   299.7
    2001       7       6   298.1
    2001       7       7   297.2
    2001       7       8     300
    2001       7       9   300.1
    2001       7      10   300.1
    2001       7      11   300.9
    2001       7      12   303.1
    2001       7      13   304.2
    2001       7      14   303.4
    2001       7      15   299.2
    2001       7      16   298.1
    2001       7      17   300.3
    2001       7      18   302.5
    2001       7      19   296.5
    2001       7      20     296
    2001       7      21   297.6
    2001       7      22   300.9
    2001       7      23   302.9
    2001       7      24   302.8
    2001       7      25   299.9
    2001       7      26   301.7
    2001       7      27   302.8
    2001       7      28   302.8
    2001       7      29   300.9
    2001       7      30   301.8
    2001       7      31   305.1
    2001       8       1   305.2
    2001       8       2   303.9
    2001       8       3   304.4
    2001       8       4   302.5
    2001       8       5   300.1
    2001       8       6   299.7
    2001       8       7   301.6
    2001       8       8   304.3
    2001       8       9     304
    2001       8      10   301.7
    2001       8      11   299.3
    2001       8      12   299.6
    2001       8      13   300.6
    2001       8      14   301.4
    2001       8      15   302.1
    2001       8      16   302.6
    2001       8      17     300
    2001       8      18   300.2
    2001       8      19     302
    2001       8      20     301
    2001       8      21   300.9
    2001       8      22   302.9
    2001       8      23   303.2
    2001       8      24   302.7
    2001       8      25     303
    2001       8      26   301.6
    2001       8      27   301.3
    2001       8      28     302
    2001       8      29   301.6
    2001       8      30   300.6
    2001       8      31   299.3
    2001       9       1   299.1
    2001       9       2   298.1
    2001       9       3   299.2
    2001       9       4   301.1
    2001       9       5   300.6
    2001       9       6   298.4
    2001       9       7   295.5
    2001       9       8   296.8
    2001       9       9   299.4
    2001       9      10   298.3
    2001       9      11   297.6
    2001       9      12   297.9
    2001       9      13   299.6
    2001       9      14   300.1
    2001       9      15   297.8
    2001       9      16   296.6
    2001       9      17   296.6
    2001       9      18   295.2
    2001       9      19   295.7
    2001       9      20     296
    2001       9      21   295.7
    2001       9      22   296.8
    2001       9      23   295.4
    2001       9      24   294.4
    2001       9      25   294.8
    2001       9      26   294.6
    2001       9      27   296.2
    2001       9      28   296.6
    2001       9      29   294.9
    2001       9      30   295.1
    2001      10       1   296.5
    2001      10       2   297.3
    2001      10       3   299.5
    2001      10       4     299
    2001      10       5   299.9
    2001      10       6   297.9
    2001      10       7   294.9
    2001      10       8   294.3
    2001      10       9     294
    2001      10      10   294.5
    2001      10      11   298.7
    2001      10      12   298.5
    2001      10      13   296.2
    2001      10      14   294.6
    2001      10      15   295.9
    2001      10      16   295.5
    2001      10      17   295.7
    2001      10      18   296.2
    2001      10      19   296.6
    2001      10      20   296.4
    2001      10      21   293.7
    2001      10      22   295.2
    2001      10      23   296.7
    2001      10      24   293.5
    2001      10      25   292.4
    2001      10      26   293.3
    2001      10      27   294.9
    2001      10      28   294.3
    2001      10      29   292.6
    2001      10      30   293.6
    2001      10      31   293.6
    2001      11       1   291.5
    2001      11       2   289.9
    2001      11       3   289.9
    2001      11       4   290.5
    2001      11       5   291.9
    2001      11       6   291.2
    2001      11       7   290.3
    2001      11       8   290.2
    2001      11       9   287.8
    2001      11      10   283.2
    2001      11      11   284.3
    2001      11      12     285
    2001      11      13   286.9
    2001      11      14   285.2
    2001      11      15   282.1
    2001      11      16   284.6
    2001      11      17   286.9
    2001      11      18   286.4
    2001      11      19   285.4
    2001      11      20   284.8
    2001      11      21   285.7
    2001      11      22   286.9
    2001      11      23   286.6
    2001      11      24   285.9
    2001      11      25   285.6
    2001      11      26   285.8
    2001      11      27   286.7
    2001      11      28   284.4
    2001      11      29   284.9
    2001      11      30   286.4
    2001      12       1   288.2
    2001      12       2   288.3
    2001      12       3   286.6
    2001      12       4     287
    2001      12       5   288.8
    2001      12       6   288.5
    2001      12       7   287.7
    2001      12       8   285.6
    2001      12       9   284.3
    2001      12      10   284.2
    2001      12      11   284.5
    2001      12      12   284.7
    2001      12      13   284.2
    2001      12      14   283.4
    2001      12      15   282.8
    2001      12      16   279.7
    2001      12      17   280.7
    2001      12      18   283.5
    2001      12      19     282
    2001      12      20   282.3
    2001      12      21     282
    2001      12      22   282.6
    2001      12      23   286.1
    2001      12      24   282.9
    2001      12      25   280.7
    2001      12      26   281.5
    2001      12      27   282.1
    2001      12      28   282.9
    2001      12      29   283.9
    2001      12      30   288.9
    2001      12      31   289.5
    2002       1       1   286.4
    2002       1       2   286.5
    2002       1       3   286.9
    2002       1       4   285.1
    2002       1       5   284.8
    2002       1       6   283.2
    2002       1       7   282.5
    2002       1       8   282.7
    2002       1       9   283.2
    2002       1      10   283.1
    2002       1      11   283.3
    2002       1      12   282.9
    2002       1      13   284.6
    2002       1      14   285.9
    2002       1      15   284.2
    2002       1      16     284
    2002       1      17     282
    2002       1      18   283.5
    2002       1      19   284.2
    2002       1      20   285.2
    2002       1      21   284.8
    2002       1      22   285.6
    2002       1      23   287.3
    2002       1      24   285.6
    2002       1      25   284.8
    2002       1      26   285.1
    2002       1      27   286.4
    2002       1      28   286.9
    2002       1      29   286.4
    2002       1      30   286.8
    2002       1      31   286.4
    2002       2       1   285.7
    2002       2       2   285.1
    2002       2       3   286.3
    2002       2       4   286.6
    2002       2       5   287.2
    2002       2       6     285
    2002       2       7   284.2
    2002       2       8   284.2
    2002       2       9   285.2
    2002       2      10   288.3
    2002       2      11     290
    2002       2      12   289.3
    2002       2      13   288.8
    2002       2      14   288.8
    2002       2      15   284.2
    2002       2      16     283
    2002       2      17   283.2
    2002       2      18   282.7
    2002       2      19   282.5
    2002       2      20   282.6
    2002       2      21   285.4
    2002       2      22   285.2
    2002       2      23   285.4
    2002       2      24   288.5
    2002       2      25   288.6
    2002       2      26   289.2
    2002       2      27   288.9
    2002       2      28   289.1
    2002       3       1   288.9
    2002       3       2   286.5
    2002       3       3   285.7
    2002       3       4   284.3
    2002       3       5   282.5
    2002       3       6   283.9
    2002       3       7   283.3
    2002       3       8   284.5
    2002       3       9   286.4
    2002       3      10   287.9
    2002       3      11   288.7
    2002       3      12   289.5
    2002       3      13     290
    2002       3      14   286.5
    2002       3      15   287.6
    2002       3      16   286.9
    2002       3      17   285.3
    2002       3      18   287.6
    2002       3      19   289.8
    2002       3      20   292.7
    2002       3      21   294.2
    2002       3      22   294.7
    2002       3      23   292.7
    2002       3      24   290.1
    2002       3      25   288.4
    2002       3      26   286.6
    2002       3      27   285.5
    2002       3      28   287.4
    2002       3      29   286.3
    2002       3      30   285.7
    2002       3      31   286.9
    2002       4       1   286.9
    2002       4       2     287
    2002       4       3   286.7
    2002       4       4   284.5
    2002       4       5   287.3
    2002       4       6   289.6
    2002       4       7   289.2
    2002       4       8   288.3
    2002       4       9   289.1
    2002       4      10     290
    2002       4      11   287.2
    2002       4      12   285.8
    2002       4      13   286.9
    2002       4      14     287
    2002       4      15   286.4
    2002       4      16   287.7
    2002       4      17   288.6
    2002       4      18   289.8
    2002       4      19   289.4
    2002       4      20     291
    2002       4      21   290.7
    2002       4      22     288
    2002       4      23   290.2
    2002       4      24   291.8
    2002       4      25   293.2
    2002       4      26   296.5
    2002       4      27     296
    2002       4      28   295.1
    2002       4      29   295.4
    2002       4      30   292.3
    2002       5       1   293.8
    2002       5       2   290.6
    2002       5       3   286.8
    2002       5       4   287.2
    2002       5       5   288.7
    2002       5       6   288.7
    2002       5       7   288.7
    2002       5       8   287.8
    2002       5       9   289.5
    2002       5      10   289.1
    2002       5      11   288.1
    2002       5      12   290.5
    2002       5      13     294
    2002       5      14   297.3
    2002       5      15   296.5
    2002       5      16   297.2
    2002       5      17   296.1
    2002       5      18   292.5
    2002       5      19   291.6
    2002       5      20   294.3
    2002       5      21   295.6
    2002       5      22     295
    2002       5      23   291.5
    2002       5      24   293.5
    2002       5      25   296.7
    2002       5      26   295.8
    2002       5      27   293.1
    2002       5      28   293.9
    2002       5      29   295.2
    2002       5      30   296.5
    2002       5      31   297.4
    2002       6       1   298.6
    2002       6       2   298.3
    2002       6       3     300
    2002       6       4   295.2
    2002       6       5   292.2
    2002       6       6   292.2
    2002       6       7   293.1
    2002       6       8   292.4
    2002       6       9     292
    2002       6      10   297.3
    2002       6      11   296.9
    2002       6      12   297.5
    2002       6      13   297.1
    2002       6      14   298.8
    2002       6      15   299.9
    2002       6      16   300.6
    2002       6      17   300.7
    2002       6      18   300.8
    2002       6      19   299.8
    2002       6      20   299.4
    2002       6      21   301.5
    2002       6      22   301.9
    2002       6      23     301
    2002       6      24   299.8
    2002       6      25   298.5
    2002       6      26   300.7
    2002       6      27     302
    2002       6      28   301.9
    2002       6      29   299.1
    2002       6      30   297.5
    2002       7       1   294.7
    2002       7       2   296.8
    2002       7       3   300.1
    2002       7       4   301.5
    2002       7       5   299.7
    2002       7       6   299.5
    2002       7       7   297.6
    2002       7       8   299.3
    2002       7       9     299
    2002       7      10   300.6
    2002       7      11   300.6
    2002       7      12   299.1
    2002       7      13   298.7
    2002       7      14   296.1
    2002       7      15   295.2
    2002       7      16   296.5
    2002       7      17   297.2
    2002       7      18   299.1
    2002       7      19   300.8
    2002       7      20   301.8
    2002       7      21   302.1
    2002       7      22   302.4
    2002       7      23   300.6
    2002       7      24     300
    2002       7      25     299
    2002       7      26   299.7
    2002       7      27   299.4
    2002       7      28   300.5
    2002       7      29   302.4
    2002       7      30     302
    2002       7      31   299.9
    2002       8       1   299.7
    2002       8       2   301.4
    2002       8       3   302.5
    2002       8       4   303.9
    2002       8       5   304.5
    2002       8       6   303.1
    2002       8       7   301.2
    2002       8       8   299.8
    2002       8       9   299.2
    2002       8      10   298.6
    2002       8      11   296.9
    2002       8      12     299
    2002       8      13   300.2
    2002       8      14   300.6
    2002       8      15   300.5
    2002       8      16   299.9
    2002       8      17   299.2
    2002       8      18   300.5
    2002       8      19   302.2
    2002       8      20   302.5
    2002       8      21   300.4
    2002       8      22     300
    2002       8      23   299.7
    2002       8      24   298.2
    2002       8      25   297.2
    2002       8      26   296.3
    2002       8      27   296.3
    2002       8      28   296.9
    2002       8      29   296.7
    2002       8      30   298.1
    2002       8      31   299.6
    2002       9       1   298.7
    2002       9       2   298.6
    2002       9       3   299.5
    2002       9       4   298.6
    2002       9       5   297.5
    2002       9       6   297.3
    2002       9       7   298.1
    2002       9       8   299.7
    2002       9       9   298.9
    2002       9      10   298.3
    2002       9      11   298.3
    2002       9      12   298.9
    2002       9      13   299.3
    2002       9      14   298.1
    2002       9      15   297.7
    2002       9      16   298.5
    2002       9      17   298.1
    2002       9      18   298.1
    2002       9      19   298.5
    2002       9      20   299.4
    2002       9      21   298.2
    2002       9      22   295.9
    2002       9      23   294.9
    2002       9      24   293.5
    2002       9      25   294.8
    2002       9      26   294.2
    2002       9      27   295.8
    2002       9      28   295.3
    2002       9      29     295
    2002       9      30   293.4
    2002      10       1   294.1
    2002      10       2     295
    2002      10       3   294.4
    2002      10       4   293.5
    2002      10       5   293.8
    2002      10       6   294.1
    2002      10       7   296.5
    2002      10       8   295.7
    2002      10       9     294
    2002      10      10   288.1
    2002      10      11     290
    2002      10      12   293.4
    2002      10      13   294.3
    2002      10      14   296.1
    2002      10      15   296.7
    2002      10      16   296.8
    2002      10      17   294.4
    2002      10      18   291.7
    2002      10      19   292.5
    2002      10      20     295
    2002      10      21   297.1
    2002      10      22   293.7
    2002      10      23   291.9
    2002      10      24   291.1
    2002      10      25   293.7
    2002      10      26   294.5
    2002      10      27   294.4
    2002      10      28   293.8
    2002      10      29   293.1
    2002      10      30   294.1
    2002      10      31   291.7
    2002      11       1   289.4
    2002      11       2   290.7
    2002      11       3   293.7
    2002      11       4   292.7
    2002      11       5   289.7
    2002      11       6   289.7
    2002      11       7   288.7
    2002      11       8   288.2
    2002      11       9   291.6
    2002      11      10   293.6
    2002      11      11   292.1
    2002      11      12   291.6
    2002      11      13   291.8
    2002      11      14   292.2
    2002      11      15     290
    2002      11      16   287.1
    2002      11      17   285.9
    2002      11      18   286.3
    2002      11      19   288.4
    2002      11      20   288.2
    2002      11      21   289.3
    2002      11      22   289.4
    2002      11      23   290.5
    2002      11      24   289.1
    2002      11      25   285.9
    2002      11      26   284.8
    2002      11      27   287.7
    2002      11      28   290.3
    2002      11      29   286.9
    2002      11      30   286.8
    2002      12       1   287.1
    2002      12       2   288.7
    2002      12       3   286.7
    2002      12       4   287.3
    2002      12       5   286.1
    2002      12       6   282.7
    2002      12       7   284.3
    2002      12       8   284.6
    2002      12       9   284.7
    2002      12      10   286.1
    2002      12      11   287.2
    2002      12      12   286.5
    2002      12      13   286.9
    2002      12      14   289.5
    2002      12      15   286.8
    2002      12      16   286.3
    2002      12      17   288.8
    2002      12      18   291.8
    2002      12      19   289.6
    2002      12      20   286.8
    2002      12      21   286.6
    2002      12      22   287.6
    2002      12      23   288.9
    2002      12      24   288.9
    2002      12      25   289.2
    2002      12      26   289.2
    2002      12      27   289.3
    2002      12      28   286.6
    2002      12      29   285.1
    2002      12      30   286.5
    2002      12      31   285.8
    2003       1       1   287.2
    2003       1       2   289.6
    2003       1       3   290.2
    2003       1       4     288
    2003       1       5   287.6
    2003       1       6   286.9
    2003       1       7   284.6
    2003       1       8   286.6
    2003       1       9   283.6
    2003       1      10     283
    2003       1      11   279.6
    2003       1      12   279.4
    2003       1      13   279.3
    2003       1      14   280.3
    2003       1      15   281.4
    2003       1      16   281.3
    2003       1      17   282.2
    2003       1      18   282.6
    2003       1      19   285.6
    2003       1      20     284
    2003       1      21   287.4
    2003       1      22   286.4
    2003       1      23   284.6
    2003       1      24   282.5
    2003       1      25   282.7
    2003       1      26   283.4
    2003       1      27     286
    2003       1      28   288.4
    2003       1      29   286.2
    2003       1      30   281.5
    2003       1      31   281.1
    2003       2       1   279.1
    2003       2       2   282.4
    2003       2       3   285.7
    2003       2       4   287.7
    2003       2       5     285
    2003       2       6   283.9
    2003       2       7   283.5
    2003       2       8   284.2
    2003       2       9   284.2
    2003       2      10   283.8
    2003       2      11   283.5
    2003       2      12   286.1
    2003       2      13     285
    2003       2      14   283.3
    2003       2      15   281.6
    2003       2      16   282.2
    2003       2      17   279.8
    2003       2      18   280.2
    2003       2      19     284
    2003       2      20   284.6
    2003       2      21   283.1
    2003       2      22   284.6
    2003       2      23   284.4
    2003       2      24   285.9
    2003       2      25   287.7
    2003       2      26   286.1
    2003       2      27   285.6
    2003       2      28   284.9
    2003       3       1     287
    2003       3       2   289.2
    2003       3       3   289.9
    2003       3       4   290.4
    2003       3       5   289.4
    2003       3       6   289.1
    2003       3       7   286.8
    2003       3       8   286.7
    2003       3       9   286.1
    2003       3      10   285.9
    2003       3      11     287
    2003       3      12     291
    2003       3      13   292.2
    2003       3      14   289.4
    2003       3      15   286.5
    2003       3      16   282.8
    2003       3      17   282.5
    2003       3      18     284
    2003       3      19   284.5
    2003       3      20   284.5
    2003       3      21   286.9
    2003       3      22   286.9
    2003       3      23   287.1
    2003       3      24   285.8
    2003       3      25   287.1
    2003       3      26   288.8
    2003       3      27     289
    2003       3      28   288.9
    2003       3      29   288.8
    2003       3      30   288.8
    2003       3      31   286.9
    2003       4       1   287.1
    2003       4       2   289.1
    2003       4       3   284.6
    2003       4       4   284.1
    2003       4       5   283.9
    2003       4       6   287.1
    2003       4       7     290
    2003       4       8   288.3
    2003       4       9   288.6
    2003       4      10   289.4
    2003       4      11   289.6
    2003       4      12   289.3
    2003       4      13   292.1
    2003       4      14   289.7
    2003       4      15   285.9
    2003       4      16     287
    2003       4      17   287.2
    2003       4      18   289.4
    2003       4      19   288.5
    2003       4      20   287.7
    2003       4      21   288.8
    2003       4      22   288.8
    2003       4      23   287.8
    2003       4      24   290.4
    2003       4      25   293.8
    2003       4      26   294.5
    2003       4      27   293.1
    2003       4      28   294.4
    2003       4      29   296.5
    2003       4      30     293
    2003       5       1   291.9
    2003       5       2   293.1
    2003       5       3   291.7
    2003       5       4   291.8
    2003       5       5   293.3
    2003       5       6   288.9
    2003       5       7   288.3
    2003       5       8   288.2
    2003       5       9   289.7
    2003       5      10   291.7
    2003       5      11   292.4
    2003       5      12   294.1
    2003       5      13   294.4
    2003       5      14   293.3
    2003       5      15   293.2
    2003       5      16   293.2
    2003       5      17   292.6
    2003       5      18   294.5
    2003       5      19   297.1
    2003       5      20   296.5
    2003       5      21   292.4
    2003       5      22   292.3
    2003       5      23   295.2
    2003       5      24   297.1
    2003       5      25   292.1
    2003       5      26   289.7
    2003       5      27   290.1
    2003       5      28   292.5
    2003       5      29   293.6
    2003       5      30   295.9
    2003       5      31   296.4
    2003       6       1   296.5
    2003       6       2   296.5
    2003       6       3   297.4
    2003       6       4   298.1
    2003       6       5     298
    2003       6       6   298.8
    2003       6       7   298.6
    2003       6       8   299.1
    2003       6       9   299.4
    2003       6      10   300.8
    2003       6      11     301
    2003       6      12   300.6
    2003       6      13   300.7
    2003       6      14   301.7
    2003       6      15   302.9
    2003       6      16   302.3
    2003       6      17   300.1
    2003       6      18   299.8
    2003       6      19   298.3
    2003       6      20   298.1
    2003       6      21   300.3
    2003       6      22   302.6
    2003       6      23   304.1
    2003       6      24   302.2
    2003       6      25   304.3
    2003       6      26   304.2
    2003       6      27   302.3
    2003       6      28   301.9
    2003       6      29   302.8
    2003       6      30   302.4
    2003       7       1     300
    2003       7       2   300.6
    2003       7       3   299.1
    2003       7       4   298.4
    2003       7       5   298.9
    2003       7       6   299.3
    2003       7       7   299.5
    2003       7       8   301.3
    2003       7       9   303.8
    2003       7      10   302.9
    2003       7      11   304.1
    2003       7      12   303.5
    2003       7      13   302.2
    2003       7      14   301.8
    2003       7      15   301.9
    2003       7      16   300.8
    2003       7      17   302.5
    2003       7      18   304.3
    2003       7      19   306.1
    2003       7      20   306.5
    2003       7      21   307.2
    2003       7      22     307
    2003       7      23   306.2
    2003       7      24   304.6
    2003       7      25   304.6
    2003       7      26   305.9
    2003       7      27   305.1
    2003       7      28   303.9
    2003       7      29   301.2
    2003       7      30   301.9
    2003       7      31   303.8
    2003       8       1   303.8
    2003       8       2   301.6
    2003       8       3   301.1
    2003       8       4   301.2
    2003       8       5   301.7
    2003       8       6   302.1
    2003       8       7     302
    2003       8       8   301.5
    2003       8       9   301.6
    2003       8      10   303.1
    2003       8      11     303
    2003       8      12   303.3
    2003       8      13     303
    2003       8      14   304.9
    2003       8      15   305.1
    2003       8      16   303.3
    2003       8      17   302.1
    2003       8      18   304.1
    2003       8      19   304.2
    2003       8      20   304.4
    2003       8      21     304
    2003       8      22   302.7
    2003       8      23   303.6
    2003       8      24   303.9
    2003       8      25   302.6
    2003       8      26   302.6
    2003       8      27   302.9
    2003       8      28   302.6
    2003       8      29   300.2
    2003       8      30   301.7
    2003       8      31   302.1
    2003       9       1   301.5
    2003       9       2     301
    2003       9       3   298.3
    2003       9       4   298.5
    2003       9       5   300.1
    2003       9       6   298.4
    2003       9       7   298.5
    2003       9       8     300
    2003       9       9   297.5
    2003       9      10   296.1
    2003       9      11   296.7
    2003       9      12   297.2
    2003       9      13   296.4
    2003       9      14   295.8
    2003       9      15   292.9
    2003       9      16   293.1
    2003       9      17   293.5
    2003       9      18   295.3
    2003       9      19   296.5
    2003       9      20   297.6
    2003       9      21   298.1
    2003       9      22   299.4
    2003       9      23   296.2
    2003       9      24   295.3
    2003       9      25   295.2
    2003       9      26   295.9
    2003       9      27   296.4
    2003       9      28   298.8
    2003       9      29   297.4
    2003       9      30   297.8
    2003      10       1   299.8
    2003      10       2   297.8
    2003      10       3     296
    2003      10       4   295.7
    2003      10       5   294.4
    2003      10       6   292.9
    2003      10       7   293.5
    2003      10       8   292.8
    2003      10       9   293.5
    2003      10      10   294.5
    2003      10      11   295.3
    2003      10      12   296.4
    2003      10      13   295.2
    2003      10      14   294.4
    2003      10      15   293.3
    2003      10      16   292.9
    2003      10      17   290.7
    2003      10      18   290.7
    2003      10      19   293.7
    2003      10      20   294.4
    2003      10      21   293.8
    2003      10      22   292.7
    2003      10      23   289.6
    2003      10      24   288.1
    2003      10      25   289.6
    2003      10      26   293.3
    2003      10      27   293.6
    2003      10      28   292.5
    2003      10      29   292.2
    2003      10      30   289.2
    2003      10      31   291.8
    2003      11       1   288.5
    2003      11       2   289.1
    2003      11       3   290.5
    2003      11       4   290.4
    2003      11       5   288.9
    2003      11       6   289.2
    2003      11       7   289.7
    2003      11       8   292.3
    2003      11       9   292.4
    2003      11      10   290.4
    2003      11      11   289.5
    2003      11      12     290
    2003      11      13   290.2
    2003      11      14   289.4
    2003      11      15   290.1
    2003      11      16   290.2
    2003      11      17   288.5
    2003      11      18   289.2
    2003      11      19   289.7
    2003      11      20   289.1
    2003      11      21   288.4
    2003      11      22   289.8
    2003      11      23   290.8
    2003      11      24   287.9
    2003      11      25   287.2
    2003      11      26   285.4
    2003      11      27   287.4
    2003      11      28   285.3
    2003      11      29   285.8
    2003      11      30   287.7
    2003      12       1   287.4
    2003      12       2   282.8
    2003      12       3   281.5
    2003      12       4   284.2
    2003      12       5   286.9
    2003      12       6   286.8
    2003      12       7   287.1
    2003      12       8   285.7
    2003      12       9   284.9
    2003      12      10   284.8
    2003      12      11   283.8
    2003      12      12   284.8
    2003      12      13   286.4
    2003      12      14   288.2
    2003      12      15   288.6
    2003      12      16   285.6
    2003      12      17   285.5
    2003      12      18   286.6
    2003      12      19   285.8
    2003      12      20   285.7
    2003      12      21   287.1
    2003      12      22   286.2
    2003      12      23   280.6
    2003      12      24   281.9
    2003      12      25     283
    2003      12      26   283.7
    2003      12      27   285.8
    2003      12      28   286.4
    2003      12      29   282.3
    2003      12      30   286.5
    2003      12      31   286.2
    2004       1       1   284.4
    2004       1       2   285.5
    2004       1       3   282.8
    2004       1       4     284
    2004       1       5   284.8
    2004       1       6   286.2
    2004       1       7   285.5
    2004       1       8     286
    2004       1       9   289.5
    2004       1      10   289.6
    2004       1      11   289.9
    2004       1      12   288.8
    2004       1      13   288.6
    2004       1      14     288
    2004       1      15   286.4
    2004       1      16   286.3
    2004       1      17   286.6
    2004       1      18     284
    2004       1      19   281.6
    2004       1      20   281.8
    2004       1      21   284.1
    2004       1      22   285.6
    2004       1      23   284.9
    2004       1      24   287.9
    2004       1      25   287.7
    2004       1      26   287.7
    2004       1      27   288.8
    2004       1      28   285.1
    2004       1      29   282.7
    2004       1      30   284.3
    2004       1      31   286.2
    2004       2       1   288.3
    2004       2       2   288.9
    2004       2       3   287.8
    2004       2       4   286.8
    2004       2       5   286.8
    2004       2       6   286.9
    2004       2       7   288.1
    2004       2       8   285.1
    2004       2       9   283.3
    2004       2      10   284.8
    2004       2      11   285.5
    2004       2      12   287.2
    2004       2      13   287.3
    2004       2      14   285.7
    2004       2      15   287.2
    2004       2      16   286.4
    2004       2      17   284.1
    2004       2      18   283.1
    2004       2      19   284.4
    2004       2      20   288.3
    2004       2      21     291
    2004       2      22   285.3
    2004       2      23   287.1
    2004       2      24   285.7
    2004       2      25   287.6
    2004       2      26   286.1
    2004       2      27   282.6
    2004       2      28   280.8
    2004       3       1   280.3
    2004       3       2   277.2
    2004       3       3   279.7
    2004       3       4   284.1
    2004       3       5   289.1
    2004       3       6   288.3
    2004       3       7   285.8
    2004       3       8   287.8
    2004       3       9   286.3
    2004       3      10     288
    2004       3      11   286.8
    2004       3      12   290.2
    2004       3      13   288.1
    2004       3      14   286.4
    2004       3      15   287.7
    2004       3      16   287.5
    2004       3      17   286.3
    2004       3      18   287.3
    2004       3      19   287.3
    2004       3      20   287.5
    2004       3      21   290.4
    2004       3      22   288.6
    2004       3      23   285.3
    2004       3      24     287
    2004       3      25   285.2
    2004       3      26   284.4
    2004       3      27   285.1
    2004       3      28   287.6
    2004       3      29   288.1
    2004       3      30   286.9
    2004       3      31   286.5
    2004       4       1   288.5
    2004       4       2   287.9
    2004       4       3     286
    2004       4       4     288
    2004       4       5   290.7
    2004       4       6   293.1
    2004       4       7     292
    2004       4       8   290.9
    2004       4       9   286.1
    2004       4      10   283.8
    2004       4      11   283.3
    2004       4      12   284.9
    2004       4      13   286.1
    2004       4      14   286.6
    2004       4      15   288.7
    2004       4      16   288.7
    2004       4      17   288.2
    2004       4      18     287
    2004       4      19   287.1
    2004       4      20   289.1
    2004       4      21   291.4
    2004       4      22   289.9
    2004       4      23   287.2
    2004       4      24   288.9
    2004       4      25   291.1
    2004       4      26   289.9
    2004       4      27   290.7
    2004       4      28   291.3
    2004       4      29   289.1
    2004       4      30   288.9
    2004       5       1     289
    2004       5       2   290.1
    2004       5       3   289.7
    2004       5       4     288
    2004       5       5   289.8
    2004       5       6   288.9
    2004       5       7   288.4
    2004       5       8     288
    2004       5       9   289.1
    2004       5      10   290.4
    2004       5      11   287.2
    2004       5      12   287.6
    2004       5      13     289
    2004       5      14   289.2
    2004       5      15   288.1
    2004       5      16   289.8
    2004       5      17   291.5
    2004       5      18   290.2
    2004       5      19   290.7
    2004       5      20     292
    2004       5      21   292.4
    2004       5      22   292.5
    2004       5      23   292.4
    2004       5      24   290.7
    2004       5      25   290.1
    2004       5      26   290.3
    2004       5      27   291.2
    2004       5      28   294.2
    2004       5      29   295.9
    2004       5      30   297.2
    2004       5      31   297.5
    2004       6       1   298.5
    2004       6       2   299.5
    2004       6       3     297
    2004       6       4     295
    2004       6       5   296.5
    2004       6       6   300.3
    2004       6       7   297.3
    2004       6       8   296.5
    2004       6       9   295.6
    2004       6      10     297
    2004       6      11   297.8
    2004       6      12   297.7
    2004       6      13   296.3
    2004       6      14     294
    2004       6      15   291.7
    2004       6      16   293.3
    2004       6      17   296.9
    2004       6      18   300.3
    2004       6      19   299.3
    2004       6      20   296.3
    2004       6      21   296.8
    2004       6      22   299.4
    2004       6      23   301.3
    2004       6      24     302
    2004       6      25     301
    2004       6      26   301.5
    2004       6      27   302.7
    2004       6      28   301.4
    2004       6      29     301
    2004       6      30   303.5
    2004       7       1   304.5
    2004       7       2     302
    2004       7       3   298.2
    2004       7       4   300.3
    2004       7       5   303.2
    2004       7       6   303.2
    2004       7       7   301.4
    2004       7       8   298.6
    2004       7       9   297.8
    2004       7      10   298.7
    2004       7      11   298.3
    2004       7      12   296.4
    2004       7      13   296.7
    2004       7      14   296.7
    2004       7      15   296.6
    2004       7      16   300.5
    2004       7      17   299.8
    2004       7      18   300.6
    2004       7      19   301.1
    2004       7      20   301.8
    2004       7      21   302.6
    2004       7      22   305.1
    2004       7      23   306.8
    2004       7      24   306.8
    2004       7      25   304.1
    2004       7      26   301.9
    2004       7      27   301.1
    2004       7      28   302.7
    2004       7      29   301.6
    2004       7      30   300.8
    2004       7      31   300.1
    2004       8       1   301.4
    2004       8       2   303.2
    2004       8       3   303.3
    2004       8       4   301.5
    2004       8       5   301.5
    2004       8       6   301.6
    2004       8       7   302.1
    2004       8       8     303
    2004       8       9   301.7
    2004       8      10   300.4
    2004       8      11   300.1
    2004       8      12   301.8
    2004       8      13   302.8
    2004       8      14   301.5
    2004       8      15   302.4
    2004       8      16   303.7
    2004       8      17     302
    2004       8      18   302.1
    2004       8      19   302.3
    2004       8      20   300.3
    2004       8      21   299.5
    2004       8      22   300.9
    2004       8      23   303.7
    2004       8      24     308
    2004       8      25   306.7
    2004       8      26   302.1
    2004       8      27   300.5
    2004       8      28   302.1
    2004       8      29   300.7
    2004       8      30   301.1
    2004       8      31     301
    2004       9       1   301.1
    2004       9       2   299.4
    2004       9       3   300.7
    2004       9       4   303.4
    2004       9       5     304
    2004       9       6   302.3
    2004       9       7   301.1
    2004       9       8     301
    2004       9       9     301
    2004       9      10     302
    2004       9      11     304
    2004       9      12   303.4
    2004       9      13     302
    2004       9      14   300.1
    2004       9      15   297.8
    2004       9      16   295.7
    2004       9      17   295.1
    2004       9      18   296.1
    2004       9      19   297.5
    2004       9      20   297.3
    2004       9      21   298.2
    2004       9      22   297.6
    2004       9      23   297.8
    2004       9      24   299.7
    2004       9      25   295.4
    2004       9      26     293
    2004       9      27   293.1
    2004       9      28     294
    2004       9      29     296
    2004       9      30   297.1
    2004      10       1   297.1
    2004      10       2   298.5
    2004      10       3   297.8
    2004      10       4   297.7
    2004      10       5   299.2
    2004      10       6   299.8
    2004      10       7   299.9
    2004      10       8   298.5
    2004      10       9   298.2
    2004      10      10   294.7
    2004      10      11   293.2
    2004      10      12   293.8
    2004      10      13   293.2
    2004      10      14   292.4
    2004      10      15   291.7
    2004      10      16     292
    2004      10      17   293.6
    2004      10      18   295.5
    2004      10      19   296.8
    2004      10      20   298.1
    2004      10      21   297.8
    2004      10      22   297.3
    2004      10      23   298.8
    2004      10      24   298.5
    2004      10      25   298.7
    2004      10      26   290.9
    2004      10      27   290.6
    2004      10      28   294.1
    2004      10      29   292.6
    2004      10      30   289.4
    2004      10      31   287.9
    2004      11       1   287.8
    2004      11       2   288.3
    2004      11       3   289.6
    2004      11       4   291.2
    2004      11       5     291
    2004      11       6     292
    2004      11       7   290.5
    2004      11       8   289.7
    2004      11       9   290.3
    2004      11      10   289.1
    2004      11      11   285.1
    2004      11      12   286.3
    2004      11      13   287.7
    2004      11      14     286
    2004      11      15   284.1
    2004      11      16   283.8
    2004      11      17   284.9
    2004      11      18   287.5
    2004      11      19   288.2
    2004      11      20   288.4
    2004      11      21   288.6
    2004      11      22   288.7
    2004      11      23   287.7
    2004      11      24   287.4
    2004      11      25   287.6
    2004      11      26   286.9
    2004      11      27     287
    2004      11      28   287.3
    2004      11      29   288.8
    2004      11      30   287.4
    2004      12       1     289
    2004      12       2   286.9
    2004      12       3   287.6
    2004      12       4   287.2
    2004      12       5   286.4
    2004      12       6   284.8
    2004      12       7   285.1
    2004      12       8   285.4
    2004      12       9   285.8
    2004      12      10   286.4
    2004      12      11   286.4
    2004      12      12   286.5
    2004      12      13   286.3
    2004      12      14   286.9
    2004      12      15   286.8
    2004      12      16   286.2
    2004      12      17   286.4
    2004      12      18   288.2
    2004      12      19   287.1
    2004      12      20   287.4
    2004      12      21   283.7
    2004      12      22   283.9
    2004      12      23   283.1
    2004      12      24   284.3
    2004      12      25   284.2
    2004      12      26     281
    2004      12      27   279.7
    2004      12      28   280.3
    2004      12      29   283.3
    2004      12      30   281.2
    2004      12      31   283.1
    2005       1       1   284.6
    2005       1       2   285.3
    2005       1       3   283.6
    2005       1       4   283.3
    2005       1       5   283.4
    2005       1       6   283.9
    2005       1       7   284.4
    2005       1       8   284.4
    2005       1       9   281.8
    2005       1      10   282.8
    2005       1      11   283.1
    2005       1      12   282.6
    2005       1      13   284.3
    2005       1      14   285.5
    2005       1      15   285.3
    2005       1      16   285.8
    2005       1      17   285.1
    2005       1      18   285.9
    2005       1      19     286
    2005       1      20   287.6
    2005       1      21   287.7
    2005       1      22   287.4
    2005       1      23   285.9
    2005       1      24     284
    2005       1      25   278.6
    2005       1      26   276.5
    2005       1      27   275.8
    2005       1      28     277
    2005       1      29   280.7
    2005       1      30   279.7
    2005       1      31   278.6
    2005       2       1   280.9
    2005       2       2   282.9
    2005       2       3   282.8
    2005       2       4     283
    2005       2       5   282.4
    2005       2       6   283.1
    2005       2       7   284.5
    2005       2       8     285
    2005       2       9   284.3
    2005       2      10   283.4
    2005       2      11   283.7
    2005       2      12   286.3
    2005       2      13   287.8
    2005       2      14   284.8
    2005       2      15   281.9
    2005       2      16   279.3
    2005       2      17   279.7
    2005       2      18   280.2
    2005       2      19   281.2
    2005       2      20   282.6
    2005       2      21     282
    2005       2      22   281.1
    2005       2      23   283.7
    2005       2      24   284.8
    2005       2      25   283.5
    2005       2      26   282.9
    2005       2      27   283.3
    2005       2      28   281.2
    2005       3       1   281.4
    2005       3       2   282.3
    2005       3       3   284.4
    2005       3       4     283
    2005       3       5   280.8
    2005       3       6   282.2
    2005       3       7   280.3
    2005       3       8   279.9
    2005       3       9   282.6
    2005       3      10   284.4
    2005       3      11   286.9
    2005       3      12   286.1
    2005       3      13   289.2
    2005       3      14   287.8
    2005       3      15   287.5
    2005       3      16   286.6
    2005       3      17   286.3
    2005       3      18   285.4
    2005       3      19   287.6
    2005       3      20   290.8
    2005       3      21   292.4
    2005       3      22   291.5
    2005       3      23   291.2
    2005       3      24   289.2
    2005       3      25   289.5
    2005       3      26   289.6
    2005       3      27   287.9
    2005       3      28   286.7
    2005       3      29   289.5
    2005       3      30   290.1
    2005       3      31   290.8
    2005       4       1   289.5
    2005       4       2   287.9
    2005       4       3   287.1
    2005       4       4   285.8
    2005       4       5   286.4
    2005       4       6   286.6
    2005       4       7   291.5
    2005       4       8   292.3
    2005       4       9   283.6
    2005       4      10   283.3
    2005       4      11   285.6
    2005       4      12   286.6
    2005       4      13   288.8
    2005       4      14   291.3
    2005       4      15   288.6
    2005       4      16   286.4
    2005       4      17   288.9
    2005       4      18   291.9
    2005       4      19   289.6
    2005       4      20   289.3
    2005       4      21   292.3
    2005       4      22   293.3
    2005       4      23   294.1
    2005       4      24   292.2
    2005       4      25   290.7
    2005       4      26   291.4
    2005       4      27   292.3
    2005       4      28   291.6
    2005       4      29   291.9
    2005       4      30   293.9
    2005       5       1   294.8
    2005       5       2   295.2
    2005       5       3   296.1
    2005       5       4   295.4
    2005       5       5   291.9
    2005       5       6     291
    2005       5       7   293.5
    2005       5       8   296.7
    2005       5       9   298.7
    2005       5      10   297.8
    2005       5      11   295.9
    2005       5      12   292.7
    2005       5      13   294.2
    2005       5      14   291.9
    2005       5      15   293.4
    2005       5      16   292.5
    2005       5      17   289.8
    2005       5      18   291.7
    2005       5      19   293.3
    2005       5      20     296
    2005       5      21   297.4
    2005       5      22   297.8
    2005       5      23   294.6
    2005       5      24   293.5
    2005       5      25   293.5
    2005       5      26   294.7
    2005       5      27   295.7
    2005       5      28   295.9
    2005       5      29   294.7
    2005       5      30   295.8
    2005       5      31   295.7
    2005       6       1   296.1
    2005       6       2   295.2
    2005       6       3   295.8
    2005       6       4   297.5
    2005       6       5   296.3
    2005       6       6   297.7
    2005       6       7   295.1
    2005       6       8   294.6
    2005       6       9   295.3
    2005       6      10   297.6
    2005       6      11   298.2
    2005       6      12   298.7
    2005       6      13   296.1
    2005       6      14   296.4
    2005       6      15   298.1
    2005       6      16   298.7
    2005       6      17   296.8
    2005       6      18   296.4
    2005       6      19   298.9
    2005       6      20   300.4
    2005       6      21   299.9
    2005       6      22   301.1
    2005       6      23   302.5
    2005       6      24   302.5
    2005       6      25   302.9
    2005       6      26   302.2
    2005       6      27   303.3
    2005       6      28   303.6
    2005       6      29   302.6
    2005       6      30   301.6
    2005       7       1   301.1
    2005       7       2   299.9
    2005       7       3   301.7
    2005       7       4   303.1
    2005       7       5     300
    2005       7       6   298.9
    2005       7       7   300.4
    2005       7       8   299.2
    2005       7       9   298.1
    2005       7      10   296.9
    2005       7      11   296.9
    2005       7      12   299.1
    2005       7      13   302.2
    2005       7      14   302.2
    2005       7      15   304.5
    2005       7      16   308.1
    2005       7      17   307.6
    2005       7      18   303.9
    2005       7      19   302.5
    2005       7      20   302.3
    2005       7      21   302.5
    2005       7      22   303.1
    2005       7      23   303.3
    2005       7      24   303.7
    2005       7      25   302.2
    2005       7      26     302
    2005       7      27   301.3
    2005       7      28     302
    2005       7      29   301.1
    2005       7      30   301.6
    2005       7      31   301.5
    2005       8       1   300.2
    2005       8       2   298.6
    2005       8       3   297.2
    2005       8       4   297.1
    2005       8       5   298.6
    2005       8       6     300
    2005       8       7   303.8
    2005       8       8   304.6
    2005       8       9   304.8
    2005       8      10   302.4
    2005       8      11   299.2
    2005       8      12   298.6
    2005       8      13   299.1
    2005       8      14   300.9
    2005       8      15   301.7
    2005       8      16   300.9
    2005       8      17   300.7
    2005       8      18   301.9
    2005       8      19   301.1
    2005       8      20   298.4
    2005       8      21   296.5
    2005       8      22   295.7
    2005       8      23   297.6
    2005       8      24   299.8
    2005       8      25     302
    2005       8      26   302.5
    2005       8      27   303.1
    2005       8      28   301.4
    2005       8      29   298.4
    2005       8      30   297.5
    2005       8      31   298.6
    2005       9       1   300.3
    2005       9       2   299.6
    2005       9       3   301.1
    2005       9       4     301
    2005       9       5   302.5
    2005       9       6     299
    2005       9       7   295.3
    2005       9       8   295.5
    2005       9       9     298
    2005       9      10   298.1
    2005       9      11   296.5
    2005       9      12   296.2
    2005       9      13     294
    2005       9      14   295.1
    2005       9      15   297.4
    2005       9      16   300.6
    2005       9      17   296.2
    2005       9      18   291.2
    2005       9      19   291.3
    2005       9      20   292.9
    2005       9      21   293.9
    2005       9      22     295
    2005       9      23   295.8
    2005       9      24     297
    2005       9      25   296.4
    2005       9      26   295.5
    2005       9      27   294.3
    2005       9      28   295.7
    2005       9      29     296
    2005       9      30   295.4
    2005      10       1   296.2
    2005      10       2     295
    2005      10       3   291.4
    2005      10       4     291
    2005      10       5     292
    2005      10       6   292.6
    2005      10       7   292.3
    2005      10       8   293.5
    2005      10       9   293.4
    2005      10      10   294.1
    2005      10      11   293.9
    2005      10      12   295.4
    2005      10      13   293.3
    2005      10      14   290.8
    2005      10      15   292.1
    2005      10      16   293.8
    2005      10      17   294.6
    2005      10      18   294.5
    2005      10      19   293.3
    2005      10      20     292
    2005      10      21   293.6
    2005      10      22   294.1
    2005      10      23   294.4
    2005      10      24   292.8
    2005      10      25   291.4
    2005      10      26   293.4
    2005      10      27   295.1
    2005      10      28   294.2
    2005      10      29   295.3
    2005      10      30   295.8
    2005      10      31   293.7
    2005      11       1   291.8
    2005      11       2   293.2
    2005      11       3   293.8
    2005      11       4   291.7
    2005      11       5   287.9
    2005      11       6   287.6
    2005      11       7   289.3
    2005      11       8   290.5
    2005      11       9   288.7
    2005      11      10   285.4
    2005      11      11   286.2
    2005      11      12   286.6
    2005      11      13     288
    2005      11      14   287.3
    2005      11      15   286.6
    2005      11      16   285.9
    2005      11      17   287.8
    2005      11      18   288.2
    2005      11      19   288.5
    2005      11      20   289.1
    2005      11      21   289.7
    2005      11      22   289.1
    2005      11      23   285.8
    2005      11      24   283.3
    2005      11      25   285.2
    2005      11      26   286.3
    2005      11      27   282.8
    2005      11      28   283.2
    2005      11      29   283.9
    2005      11      30     283
    2005      12       1   284.2
    2005      12       2   286.6
    2005      12       3     288
    2005      12       4   287.5
    2005      12       5   288.6
    2005      12       6   286.1
    2005      12       7   285.7
    2005      12       8   285.9
    2005      12       9   285.6
    2005      12      10   283.3
    2005      12      11   281.9
    2005      12      12   280.1
    2005      12      13   280.7
    2005      12      14   281.7
    2005      12      15   282.1
    2005      12      16   282.7
    2005      12      17   284.1
    2005      12      18   284.6
    2005      12      19   283.9
    2005      12      20   283.3
    2005      12      21   283.5
    2005      12      22   283.3
    2005      12      23   284.2
    2005      12      24   284.6
    2005      12      25   285.3
    2005      12      26   287.9
    2005      12      27   287.8
    2005      12      28   285.1
    2005      12      29   282.2
    2005      12      30   285.9
    2005      12      31   286.7
    2006       1       1   285.9
    2006       1       2   284.3
    2006       1       3   283.3
    2006       1       4   281.8
    2006       1       5   282.8
    2006       1       6   284.5
    2006       1       7   285.6
    2006       1       8   284.7
    2006       1       9   284.2
    2006       1      10   283.8
    2006       1      11   283.3
    2006       1      12   282.4
    2006       1      13   282.1
    2006       1      14   282.5
    2006       1      15   282.1
    2006       1      16   284.2
    2006       1      17     285
    2006       1      18     286
    2006       1      19   286.1
    2006       1      20   285.7
    2006       1      21   283.9
    2006       1      22   283.9
    2006       1      23   282.7
    2006       1      24   282.2
    2006       1      25   282.1
    2006       1      26   283.8
    2006       1      27   283.2
    2006       1      28   283.6
    2006       1      29   280.4
    2006       1      30   280.5
    2006       1      31   283.3
    2006       2       1     285
    2006       2       2   285.8
    2006       2       3   285.6
    2006       2       4   283.6
    2006       2       5   282.6
    2006       2       6   281.6
    2006       2       7   282.5
    2006       2       8     285
    2006       2       9   285.7
    2006       2      10   288.1
    2006       2      11   286.4
    2006       2      12   283.3
    2006       2      13   284.5
    2006       2      14   284.7
    2006       2      15     287
    2006       2      16   287.7
    2006       2      17   286.2
    2006       2      18   285.3
    2006       2      19     285
    2006       2      20   283.2
    2006       2      21   282.4
    2006       2      22   282.2
    2006       2      23     281
    2006       2      24   280.9
    2006       2      25   281.6
    2006       2      26   284.3
    2006       2      27   282.8
    2006       2      28   283.7
    2006       3       1   284.4
    2006       3       2   284.1
    2006       3       3   284.9
    2006       3       4   285.6
    2006       3       5   283.9
    2006       3       6   282.2
    2006       3       7   284.3
    2006       3       8   289.7
    2006       3       9   290.7
    2006       3      10   286.7
    2006       3      11     288
    2006       3      12   288.8
    2006       3      13   287.8
    2006       3      14   286.9
    2006       3      15   288.2
    2006       3      16   290.1
    2006       3      17     289
    2006       3      18     288
    2006       3      19   287.5
    2006       3      20   288.3
    2006       3      21   286.1
    2006       3      22   286.3
    2006       3      23     288
    2006       3      24   290.8
    2006       3      25   290.2
    2006       3      26   292.5
    2006       3      27   295.3
    2006       3      28     291
    2006       3      29   290.3
    2006       3      30   292.7
    2006       3      31   294.6
    2006       4       1   295.9
    2006       4       2   294.2
    2006       4       3   292.3
    2006       4       4   292.5
    2006       4       5   292.2
    2006       4       6   289.8
    2006       4       7   290.3
    2006       4       8   291.7
    2006       4       9   292.4
    2006       4      10   293.5
    2006       4      11   287.8
    2006       4      12   288.5
    2006       4      13   288.6
    2006       4      14   290.3
    2006       4      15   293.2
    2006       4      16   292.9
    2006       4      17   288.8
    2006       4      18     289
    2006       4      19   290.1
    2006       4      20   290.9
    2006       4      21   291.5
    2006       4      22   291.2
    2006       4      23   292.6
    2006       4      24   292.7
    2006       4      25   291.7
    2006       4      26   292.2
    2006       4      27   293.1
    2006       4      28   291.4
    2006       4      29   290.3
    2006       4      30   291.8
    2006       5       1   292.8
    2006       5       2   293.9
    2006       5       3   292.3
    2006       5       4   289.3
    2006       5       5   290.3
    2006       5       6   290.7
    2006       5       7   292.9
    2006       5       8   294.6
    2006       5       9   293.8
    2006       5      10   293.9
    2006       5      11   293.5
    2006       5      12   292.8
    2006       5      13   295.6
    2006       5      14   295.7
    2006       5      15   297.5
    2006       5      16   298.3
    2006       5      17   301.7
    2006       5      18   303.2
    2006       5      19   299.3
    2006       5      20   297.5
    2006       5      21   299.3
    2006       5      22   297.8
    2006       5      23   293.6
    2006       5      24   290.5
    2006       5      25   290.3
    2006       5      26   292.9
    2006       5      27   296.1
    2006       5      28   298.3
    2006       5      29   300.5
    2006       5      30   296.7
    2006       5      31     292
    2006       6       1   289.8
    2006       6       2   292.1
    2006       6       3   291.2
    2006       6       4   291.4
    2006       6       5   294.8
    2006       6       6   296.3
    2006       6       7   297.9
    2006       6       8   300.6
    2006       6       9   298.4
    2006       6      10   296.8
    2006       6      11   295.7
    2006       6      12   295.8
    2006       6      13     297
    2006       6      14     299
    2006       6      15   299.9
    2006       6      16   298.1
    2006       6      17   295.5
    2006       6      18   296.9
    2006       6      19   300.3
    2006       6      20   301.7
    2006       6      21   300.3
    2006       6      22   300.5
    2006       6      23   300.9
    2006       6      24     302
    2006       6      25     300
    2006       6      26     300
    2006       6      27   299.5
    2006       6      28   297.9
    2006       6      29   298.3
    2006       6      30   298.6
    2006       7       1   299.6
    2006       7       2   302.3
    2006       7       3   302.9
    2006       7       4   303.3
    2006       7       5   301.5
    2006       7       6   300.6
    2006       7       7   298.5
    2006       7       8   298.9
    2006       7       9   300.9
    2006       7      10   302.9
    2006       7      11   303.1
    2006       7      12   300.6
    2006       7      13   301.7
    2006       7      14   300.8
    2006       7      15   300.8
    2006       7      16   299.8
    2006       7      17   299.8
    2006       7      18   301.2
    2006       7      19     302
    2006       7      20   302.6
    2006       7      21   302.7
    2006       7      22     305
    2006       7      23   303.9
    2006       7      24   301.6
    2006       7      25   303.2
    2006       7      26   303.2
    2006       7      27   304.4
    2006       7      28   304.3
    2006       7      29   302.8
    2006       7      30   303.7
    2006       7      31   306.1
    2006       8       1     305
    2006       8       2   303.6
    2006       8       3   304.4
    2006       8       4   299.6
    2006       8       5   299.2
    2006       8       6   299.1
    2006       8       7   299.4
    2006       8       8   298.9
    2006       8       9   298.4
    2006       8      10   299.8
    2006       8      11   301.6
    2006       8      12   302.8
    2006       8      13     300
    2006       8      14   300.9
    2006       8      15     300
    2006       8      16   298.4
    2006       8      17   297.8
    2006       8      18   297.1
    2006       8      19   297.1
    2006       8      20   298.7
    2006       8      21   298.4
    2006       8      22   299.6
    2006       8      23   301.8
    2006       8      24   301.8
    2006       8      25   301.7
    2006       8      26   300.8
    2006       8      27   298.9
    2006       8      28   299.2
    2006       8      29   301.5
    2006       8      30   300.4
    2006       8      31   298.5
    2006       9       1   298.7
    2006       9       2   300.3
    2006       9       3   300.8
    2006       9       4   299.5
    2006       9       5   299.5
    2006       9       6   300.1
    2006       9       7   299.8
    2006       9       8   299.8
    2006       9       9     300
    2006       9      10   298.8
    2006       9      11   298.5
    2006       9      12   297.9
    2006       9      13   297.4
    2006       9      14   295.7
    2006       9      15   292.8
    2006       9      16   294.3
    2006       9      17   296.1
    2006       9      18   298.7
    2006       9      19     298
    2006       9      20   297.8
    2006       9      21   299.1
    2006       9      22   299.1
    2006       9      23   296.8
    2006       9      24   294.7
    2006       9      25     296
    2006       9      26     296
    2006       9      27   295.9
    2006       9      28   296.7
    2006       9      29   297.2
    2006       9      30   297.9
    2006      10       1   299.5
    2006      10       2   300.2
    2006      10       3   299.5
    2006      10       4   293.6
    2006      10       5   292.7
    2006      10       6   292.3
    2006      10       7   295.2
    2006      10       8   295.5
    2006      10       9   296.1
    2006      10      10   295.9
    2006      10      11   296.4
    2006      10      12   293.8
    2006      10      13   292.3
    2006      10      14   292.3
    2006      10      15   291.9
    2006      10      16   294.3
    2006      10      17   295.8
    2006      10      18   296.8
    2006      10      19   294.7
    2006      10      20   294.3
    2006      10      21   295.3
    2006      10      22   295.6
    2006      10      23   297.5
    2006      10      24   296.1
    2006      10      25   296.9
    2006      10      26   296.8
    2006      10      27   295.4
    2006      10      28   295.6
    2006      10      29   296.5
    2006      10      30   297.1
    2006      10      31   296.7
    2006      11       1   297.2
    2006      11       2   293.5
    2006      11       3   291.5
    2006      11       4   291.2
    2006      11       5   290.4
    2006      11       6   290.3
    2006      11       7   290.7
    2006      11       8     291
    2006      11       9   289.7
    2006      11      10   289.5
    2006      11      11   289.9
    2006      11      12   290.3
    2006      11      13   289.7
    2006      11      14   290.2
    2006      11      15   289.3
    2006      11      16   290.8
    2006      11      17   290.2
    2006      11      18   288.8
    2006      11      19     290
    2006      11      20   290.1
    2006      11      21   288.5
    2006      11      22   291.3
    2006      11      23   289.4
    2006      11      24   290.2
    2006      11      25     292
    2006      11      26   289.5
    2006      11      27   287.3
    2006      11      28   288.8
    2006      11      29   288.7
    2006      11      30   287.9
    2006      12       1   287.1
    2006      12       2   288.9
    2006      12       3   287.7
    2006      12       4   289.3
    2006      12       5   289.4
    2006      12       6   286.8
    2006      12       7   285.4
    2006      12       8   288.2
    2006      12       9   284.3
    2006      12      10   283.1
    2006      12      11   284.1
    2006      12      12   284.3
    2006      12      13   285.2
    2006      12      14   284.8
    2006      12      15   284.5
    2006      12      16   284.2
    2006      12      17     285
    2006      12      18   284.4
    2006      12      19   282.4
    2006      12      20   282.4
    2006      12      21   282.7
    2006      12      22   282.8
    2006      12      23   282.5
    2006      12      24   283.2
    2006      12      25   284.9
    2006      12      26   284.7
    2006      12      27   284.9
    2006      12      28     285
    2006      12      29   285.4
    2006      12      30     286
    2006      12      31     286
    2007       1       1   286.2
    2007       1       2   286.1
    2007       1       3     286
    2007       1       4   287.7
    2007       1       5   285.9
    2007       1       6   285.6
    2007       1       7   286.4
    2007       1       8   285.1
    2007       1       9   286.5
    2007       1      10   286.2
    2007       1      11   285.5
    2007       1      12   285.7
    2007       1      13   288.2
    2007       1      14   287.7
    2007       1      15   286.7
    2007       1      16   286.1
    2007       1      17   285.9
    2007       1      18   285.3
    2007       1      19   288.8
    2007       1      20   291.8
    2007       1      21   288.7
    2007       1      22   286.2
    2007       1      23     284
    2007       1      24   282.1
    2007       1      25   281.6
    2007       1      26   281.6
    2007       1      27     281
    2007       1      28   283.6
    2007       1      29   286.1
    2007       1      30     285
    2007       1      31   284.4
    2007       2       1   283.8
    2007       2       2   283.8
    2007       2       3   286.3
    2007       2       4   285.7
    2007       2       5   285.2
    2007       2       6   285.6
    2007       2       7   285.3
    2007       2       8   287.2
    2007       2       9   287.3
    2007       2      10   287.4
    2007       2      11   288.4
    2007       2      12   289.2
    2007       2      13   288.4
    2007       2      14   289.5
    2007       2      15   286.8
    2007       2      16     289
    2007       2      17   287.5
    2007       2      18   284.3
    2007       2      19   285.7
    2007       2      20   285.6
    2007       2      21   284.7
    2007       2      22     284
    2007       2      23   286.5
    2007       2      24   287.2
    2007       2      25     288
    2007       2      26   286.4
    2007       2      27   287.7
    2007       2      28   289.8
    2007       3       1   289.8
    2007       3       2   289.7
    2007       3       3   291.5
    2007       3       4   293.8
    2007       3       5   288.7
    2007       3       6   286.9
    2007       3       7   287.3
    2007       3       8   285.4
    2007       3       9   284.5
    2007       3      10   285.3
    2007       3      11   284.4
    2007       3      12   285.3
    2007       3      13   283.9
    2007       3      14   286.1
    2007       3      15   287.1
    2007       3      16     287
    2007       3      17   285.3
    2007       3      18   286.9
    2007       3      19   287.4
    2007       3      20   282.9
    2007       3      21   282.3
    2007       3      22   281.1
    2007       3      23   285.4
    2007       3      24   287.7
    2007       3      25     287
    2007       3      26   286.9
    2007       3      27   286.2
    2007       3      28     285
    2007       3      29   284.2
    2007       3      30   286.9
    2007       3      31     288
    2007       4       1   288.4
    2007       4       2   286.9
    2007       4       3   284.6
    2007       4       4   285.6
    2007       4       5   284.8
    2007       4       6   286.1
    2007       4       7   286.4
    2007       4       8   287.3
    2007       4       9   289.2
    2007       4      10   288.2
    2007       4      11   287.4
    2007       4      12   287.6
    2007       4      13   286.3
    2007       4      14   287.8
    2007       4      15     287
    2007       4      16   286.3
    2007       4      17   288.4
    2007       4      18   290.2
    2007       4      19   290.5
    2007       4      20   290.1
    2007       4      21   290.1
    2007       4      22   291.1
    2007       4      23   291.6
    2007       4      24   291.6
    2007       4      25   291.8
    2007       4      26   291.8
    2007       4      27   290.4
    2007       4      28   289.4
    2007       4      29     289
    2007       4      30   290.6
    2007       5       1   288.6
    2007       5       2   288.5
    2007       5       3   288.9
    2007       5       4   288.7
    2007       5       5   289.1
    2007       5       6   288.7
    2007       5       7   290.5
    2007       5       8   293.4
    2007       5       9   296.2
    2007       5      10   297.6
    2007       5      11   297.3
    2007       5      12   297.3
    2007       5      13   298.5
    2007       5      14   293.5
    2007       5      15   291.2
    2007       5      16   291.7
    2007       5      17   292.9
    2007       5      18     297
    2007       5      19   296.5
    2007       5      20   297.1
    2007       5      21   295.7
    2007       5      22   295.2
    2007       5      23     296
    2007       5      24   296.2
    2007       5      25   293.3
    2007       5      26   292.4
    2007       5      27     293
    2007       5      28     292
    2007       5      29   292.6
    2007       5      30   296.9
    2007       5      31   296.9
    2007       6       1     295
    2007       6       2     293
    2007       6       3   293.5
    2007       6       4   293.3
    2007       6       5   294.5
    2007       6       6   294.3
    2007       6       7   294.5
    2007       6       8   296.7
    2007       6       9   297.3
    2007       6      10   296.3
    2007       6      11   296.8
    2007       6      12     298
    2007       6      13   297.4
    2007       6      14   296.6
    2007       6      15   296.3
    2007       6      16   296.7
    2007       6      17   299.4
    2007       6      18   298.7
    2007       6      19   297.6
    2007       6      20   297.8
    2007       6      21   297.3
    2007       6      22   297.7
    2007       6      23   297.8
    2007       6      24   299.1
    2007       6      25   301.5
    2007       6      26   297.2
    2007       6      27   296.5
    2007       6      28   296.8
    2007       6      29   296.5
    2007       6      30   298.1
    2007       7       1   299.9
    2007       7       2   298.8
    2007       7       3   300.4
    2007       7       4   303.5
    2007       7       5   297.9
    2007       7       6   297.8
    2007       7       7   300.9
    2007       7       8   301.9
    2007       7       9   301.2
    2007       7      10   296.8
    2007       7      11   296.7
    2007       7      12   298.6
    2007       7      13   299.6
    2007       7      14   299.7
    2007       7      15   299.6
    2007       7      16   303.1
    2007       7      17   303.1
    2007       7      18   302.3
    2007       7      19   303.4
    2007       7      20     300
    2007       7      21   300.3
    2007       7      22   300.2
    2007       7      23   302.5
    2007       7      24   302.1
    2007       7      25   300.4
    2007       7      26   301.4
    2007       7      27   301.8
    2007       7      28   301.5
    2007       7      29   300.3
    2007       7      30   300.7
    2007       7      31   302.1
    2007       8       1   303.9
    2007       8       2   304.2
    2007       8       3   302.9
    2007       8       4   300.1
    2007       8       5   302.7
    2007       8       6   301.5
    2007       8       7   300.7
    2007       8       8   298.8
    2007       8       9   299.7
    2007       8      10   300.3
    2007       8      11   301.1
    2007       8      12     303
    2007       8      13   300.6
    2007       8      14   300.4
    2007       8      15     302
    2007       8      16   301.3
    2007       8      17   298.8
    2007       8      18   299.6
    2007       8      19   300.6
    2007       8      20   299.4
    2007       8      21   299.4
    2007       8      22   295.6
    2007       8      23   294.8
    2007       8      24   297.8
    2007       8      25   301.2
    2007       8      26   303.3
    2007       8      27     304
    2007       8      28   304.6
    2007       8      29   304.6
    2007       8      30   301.2
    2007       8      31   297.9
    2007       9       1   296.6
    2007       9       2   298.2
    2007       9       3   298.8
    2007       9       4     298
    2007       9       5   297.2
    2007       9       6   296.6
    2007       9       7   295.8
    2007       9       8   296.5
    2007       9       9   298.4
    2007       9      10   298.1
    2007       9      11   298.6
    2007       9      12   298.5
    2007       9      13   297.8
    2007       9      14   296.9
    2007       9      15   295.7
    2007       9      16   297.9
    2007       9      17   299.5
    2007       9      18   298.7
    2007       9      19   296.5
    2007       9      20   295.7
    2007       9      21   297.2
    2007       9      22   297.3
    2007       9      23   294.7
    2007       9      24   294.2
    2007       9      25   296.9
    2007       9      26   295.3
    2007       9      27   293.8
    2007       9      28   294.7
    2007       9      29   296.7
    2007       9      30   295.7
    2007      10       1   296.3
    2007      10       2     296
    2007      10       3   297.1
    2007      10       4     295
    2007      10       5   293.9
    2007      10       6   294.2
    2007      10       7   295.7
    2007      10       8   295.5
    2007      10       9   294.3
    2007      10      10   293.5
    2007      10      11     292
    2007      10      12   292.6
    2007      10      13     291
    2007      10      14   291.7
    2007      10      15   293.5
    2007      10      16   294.2
    2007      10      17     293
    2007      10      18   292.4
    2007      10      19   291.5
    2007      10      20   292.2
    2007      10      21   290.1
    2007      10      22   292.5
    2007      10      23   292.4
    2007      10      24   291.6
    2007      10      25   290.5
    2007      10      26   288.3
    2007      10      27   288.6
    2007      10      28   290.8
    2007      10      29   291.5
    2007      10      30   289.2
    2007      10      31   286.7
    2007      11       1   287.5
    2007      11       2   287.7
    2007      11       3   288.2
    2007      11       4   289.9
    2007      11       5     289
    2007      11       6   288.7
    2007      11       7   288.1
    2007      11       8   290.6
    2007      11       9   289.9
    2007      11      10   289.3
    2007      11      11   289.7
    2007      11      12   289.7
    2007      11      13   288.9
    2007      11      14     289
    2007      11      15   286.4
    2007      11      16   283.2
    2007      11      17     284
    2007      11      18   287.6
    2007      11      19   290.1
    2007      11      20   293.5
    2007      11      21   293.4
    2007      11      22   290.1
    2007      11      23   285.9
    2007      11      24   285.9
    2007      11      25   286.3
    2007      11      26   285.9
    2007      11      27   285.6
    2007      11      28   285.7
    2007      11      29   285.7
    2007      11      30   285.8
    2007      12       1   287.8
    2007      12       2   286.8
    2007      12       3   287.6
    2007      12       4   288.5
    2007      12       5   288.9
    2007      12       6   287.9
    2007      12       7   288.4
    2007      12       8     288
    2007      12       9   290.7
    2007      12      10   286.8
    2007      12      11     284
    2007      12      12   283.2
    2007      12      13     283
    2007      12      14   282.5
    2007      12      15     283
    2007      12      16   280.9
    2007      12      17   281.5
    2007      12      18   283.3
    2007      12      19   284.8
    2007      12      20   286.5
    2007      12      21   287.1
    2007      12      22   287.3
    2007      12      23   286.5
    2007      12      24   285.1
    2007      12      25   283.9
    2007      12      26   285.1
    2007      12      27     284
    2007      12      28   282.5
    2007      12      29     282
    2007      12      30   283.4
    2007      12      31   283.6
    2008       1       1   282.7
    2008       1       2   284.4
    2008       1       3   287.9
    2008       1       4   283.5
    2008       1       5   283.1
    2008       1       6   287.2
    2008       1       7   287.7
    2008       1       8   286.8
    2008       1       9   286.9
    2008       1      10   287.4
    2008       1      11   287.3
    2008       1      12     285
    2008       1      13   283.9
    2008       1      14   285.6
    2008       1      15   284.9
    2008       1      16   286.7
    2008       1      17   285.6
    2008       1      18   287.5
    2008       1      19   287.7
    2008       1      20   287.5
    2008       1      21   288.4
    2008       1      22     288
    2008       1      23   286.1
    2008       1      24   284.6
    2008       1      25   283.9
    2008       1      26   283.9
    2008       1      27   283.8
    2008       1      28   285.2
    2008       1      29   286.4
    2008       1      30   287.1
    2008       1      31   285.3
    2008       2       1   285.7
    2008       2       2   285.2
    2008       2       3     285
    2008       2       4     286
    2008       2       5   285.5
    2008       2       6   286.1
    2008       2       7   286.1
    2008       2       8   285.3
    2008       2       9   283.8
    2008       2      10   283.1
    2008       2      11   283.3
    2008       2      12   282.9
    2008       2      13   284.5
    2008       2      14     285
    2008       2      15   285.1
    2008       2      16   283.8
    2008       2      17   283.8
    2008       2      18   287.4
    2008       2      19   288.4
    2008       2      20   287.2
    2008       2      21   285.8
    2008       2      22   285.7
    2008       2      23   286.2
    2008       2      24   286.3
    2008       2      25   286.8
    2008       2      26   287.6
    2008       2      27   288.8
    2008       2      28   288.6
    2008       3       1   286.7
    2008       3       2   289.7
    2008       3       3   290.6
    2008       3       4     287
    2008       3       5   280.1
    2008       3       6   279.7
    2008       3       7   282.8
    2008       3       8   286.4
    2008       3       9   285.6
    2008       3      10   285.2
    2008       3      11   289.8
    2008       3      12   291.6
    2008       3      13   291.4
    2008       3      14     292
    2008       3      15   292.2
    2008       3      16   289.1
    2008       3      17     290
    2008       3      18   288.4
    2008       3      19     287
    2008       3      20   283.9
    2008       3      21   284.7
    2008       3      22   288.8
    2008       3      23   283.1
    2008       3      24   285.1
    2008       3      25   288.6
    2008       3      26   287.6
    2008       3      27   287.9
    2008       3      28   290.7
    2008       3      29   289.9
    2008       3      30   289.2
    2008       3      31     286
    2008       4       1   286.4
    2008       4       2   287.3
    2008       4       3   290.1
    2008       4       4   288.8
    2008       4       5   287.6
    2008       4       6   292.3
    2008       4       7     293
    2008       4       8   292.2
    2008       4       9   295.1
    2008       4      10   294.9
    2008       4      11     289
    2008       4      12   285.8
    2008       4      13   288.4
    2008       4      14   288.7
    2008       4      15   288.2
    2008       4      16   289.3
    2008       4      17   290.8
    2008       4      18     291
    2008       4      19   289.4
    2008       4      20     289
    2008       4      21   287.8
    2008       4      22   289.5
    2008       4      23   292.3
    2008       4      24   293.7
    2008       4      25   291.6
    2008       4      26   293.2
    2008       4      27   292.7
    2008       4      28   294.2
    2008       4      29   292.8
    2008       4      30   291.8
    2008       5       1   291.5
    2008       5       2   292.2
    2008       5       3   292.2
    2008       5       4   291.9
    2008       5       5   293.5
    2008       5       6   293.8
    2008       5       7   293.5
    2008       5       8   292.1
    2008       5       9   290.4
    2008       5      10     289
    2008       5      11   287.9
    2008       5      12   289.2
    2008       5      13   291.4
    2008       5      14   293.1
    2008       5      15   294.4
    2008       5      16   293.1
    2008       5      17   291.9
    2008       5      18   289.6
    2008       5      19   289.4
    2008       5      20   290.2
    2008       5      21     293
    2008       5      22   295.2
    2008       5      23   296.1
    2008       5      24     294
    2008       5      25   292.7
    2008       5      26   290.8
    2008       5      27   289.9
    2008       5      28   289.7
    2008       5      29   292.3
    2008       5      30   294.5
    2008       5      31   292.9
    2008       6       1   290.6
    2008       6       2   293.5
    2008       6       3   294.2
    2008       6       4   294.1
    2008       6       5   294.7
    2008       6       6   293.9
    2008       6       7   292.1
    2008       6       8   291.4
    2008       6       9   291.7
    2008       6      10     293
    2008       6      11   293.2
    2008       6      12   294.2
    2008       6      13   295.7
    2008       6      14   297.8
    2008       6      15   300.1
    2008       6      16     299
    2008       6      17   296.5
    2008       6      18   295.5
    2008       6      19   297.3
    2008       6      20   298.2
    2008       6      21   298.9
    2008       6      22   299.9
    2008       6      23   301.7
    2008       6      24   300.4
    2008       6      25   301.2
    2008       6      26     300
    2008       6      27   299.4
    2008       6      28     299
    2008       6      29     300
    2008       6      30   301.2
    2008       7       1   300.8
    2008       7       2   302.2
    2008       7       3   302.2
    2008       7       4   300.4
    2008       7       5   303.5
    2008       7       6   303.5
    2008       7       7   301.7
    2008       7       8   300.7
    2008       7       9   301.7
    2008       7      10     302
    2008       7      11   303.9
    2008       7      12   301.9
    2008       7      13   298.8
    2008       7      14   296.9
    2008       7      15     296
    2008       7      16   298.3
    2008       7      17   299.3
    2008       7      18   299.7
    2008       7      19   300.7
    2008       7      20   302.2
    2008       7      21   302.1
    2008       7      22   298.1
    2008       7      23   299.7
    2008       7      24   303.5
    2008       7      25   302.5
    2008       7      26   304.2
    2008       7      27   302.3
    2008       7      28   302.7
    2008       7      29   302.9
    2008       7      30   303.1
    2008       7      31   303.9
    2008       8       1   302.8
    2008       8       2   302.2
    2008       8       3   301.3
    2008       8       4   302.8
    2008       8       5   302.9
    2008       8       6   303.5
    2008       8       7   304.9
    2008       8       8   302.7
    2008       8       9   300.2
    2008       8      10   301.6
    2008       8      11   304.1
    2008       8      12   304.8
    2008       8      13   304.5
    2008       8      14   302.6
    2008       8      15   299.8
    2008       8      16   298.6
    2008       8      17     301
    2008       8      18   302.1
    2008       8      19   302.7
    2008       8      20   301.9
    2008       8      21   299.8
    2008       8      22   301.3
    2008       8      23   300.5
    2008       8      24   299.5
    2008       8      25   299.7
    2008       8      26   299.9
    2008       8      27   299.9
    2008       8      28   299.3
    2008       8      29   299.8
    2008       8      30   300.7
    2008       8      31   300.2
    2008       9       1   300.6
    2008       9       2   300.9
    2008       9       3   302.4
    2008       9       4   303.6
    2008       9       5   299.7
    2008       9       6   298.9
    2008       9       7   298.5
    2008       9       8   300.3
    2008       9       9     303
    2008       9      10     301
    2008       9      11   299.8
    2008       9      12     299
    2008       9      13   295.2
    2008       9      14   293.5
    2008       9      15   295.7
    2008       9      16     298
    2008       9      17   297.9
    2008       9      18   298.1
    2008       9      19     299
    2008       9      20   297.1
    2008       9      21     298
    2008       9      22   298.1
    2008       9      23   294.9
    2008       9      24   293.9
    2008       9      25   292.9
    2008       9      26   292.2
    2008       9      27   291.5
    2008       9      28   291.9
    2008       9      29   292.5
    2008       9      30   291.8
    2008      10       1   292.3
    2008      10       2     294
    2008      10       3     294
    2008      10       4   290.4
    2008      10       5   292.8
    2008      10       6   294.8
    2008      10       7     295
    2008      10       8   293.3
    2008      10       9     291
    2008      10      10   293.7
    2008      10      11   296.3
    2008      10      12   297.2
    2008      10      13   296.3
    2008      10      14   294.3
    2008      10      15   293.6
    2008      10      16   293.5
    2008      10      17   293.8
    2008      10      18   294.2
    2008      10      19   293.7
    2008      10      20   294.3
    2008      10      21   293.8
    2008      10      22   292.7
    2008      10      23   290.5
    2008      10      24   292.1
    2008      10      25   292.2
    2008      10      26   293.1
    2008      10      27     294
    2008      10      28   291.9
    2008      10      29   285.7
    2008      10      30   285.7
    2008      10      31   289.7
    2008      11       1   292.2
    2008      11       2   288.9
    2008      11       3   287.5
    2008      11       4   287.1
    2008      11       5   286.7
    2008      11       6   286.9
    2008      11       7   287.9
    2008      11       8   288.6
    2008      11       9     289
    2008      11      10   288.6
    2008      11      11     289
    2008      11      12   289.2
    2008      11      13   286.3
    2008      11      14   284.4
    2008      11      15   286.7
    2008      11      16   286.7
    2008      11      17   286.1
    2008      11      18   286.3
    2008      11      19   285.9
    2008      11      20   286.7
    2008      11      21   287.7
    2008      11      22   289.3
    2008      11      23     288
    2008      11      24   287.9
    2008      11      25   285.3
    2008      11      26   282.6
    2008      11      27   284.7
    2008      11      28   282.6
    2008      11      29   286.3
    2008      11      30   285.2
    2008      12       1   283.7
    2008      12       2   281.4
    2008      12       3   282.1
    2008      12       4   285.1
    2008      12       5   288.4
    2008      12       6   287.7
    2008      12       7   288.1
    2008      12       8   287.1
    2008      12       9   286.1
    2008      12      10   283.1
    2008      12      11   280.3
    2008      12      12   282.8
    2008      12      13     283
    2008      12      14   283.5
    2008      12      15   279.6
    2008      12      16   281.4
    2008      12      17   282.8
    2008      12      18   283.4
    2008      12      19   284.3
    2008      12      20   285.6
    2008      12      21   285.9
    2008      12      22   285.4
    2008      12      23   283.2
    2008      12      24   283.4
    2008      12      25   284.4
    2008      12      26   282.7
    2008      12      27   284.1
    2008      12      28   286.6
    2008      12      29   284.9
    2008      12      30   283.9
    2008      12      31   285.4
    2009       1       1     286
    2009       1       2   286.1
    2009       1       3   286.4
    2009       1       4   284.6
    2009       1       5   283.2
    2009       1       6   282.3
    2009       1       7   279.9
    2009       1       8   278.7
    2009       1       9   280.1
    2009       1      10   279.5
    2009       1      11   283.1
    2009       1      12     282
    2009       1      13   281.8
    2009       1      14   282.9
    2009       1      15   282.9
    2009       1      16   283.6
    2009       1      17   283.4
    2009       1      18   283.4
    2009       1      19     286
    2009       1      20   285.3
    2009       1      21   280.9
    2009       1      22   282.9
    2009       1      23   290.5
    2009       1      24   288.5
    2009       1      25   284.8
    2009       1      26   281.8
    2009       1      27     284
    2009       1      28   285.9
    2009       1      29   287.8
    2009       1      30   287.5
    2009       1      31   284.4
    2009       2       1     284
    2009       2       2   286.7
    2009       2       3     284
    2009       2       4   286.4
    2009       2       5   286.5
    2009       2       6   284.9
    2009       2       7   280.9
    2009       2       8     282
    2009       2       9   286.3
    2009       2      10   287.3
    2009       2      11   285.5
    2009       2      12   285.2
    2009       2      13   283.3
    2009       2      14   284.3
    2009       2      15     283
    2009       2      16   282.3
    2009       2      17   283.1
    2009       2      18   284.9
    2009       2      19   286.1
    2009       2      20   284.9
    2009       2      21   283.8
    2009       2      22   283.2
    2009       2      23   285.4
    2009       2      24   284.7
    2009       2      25   284.1
    2009       2      26   285.1
    2009       2      27   286.1
    2009       2      28   285.8
    2009       3       1   286.3
    2009       3       2   286.8
    2009       3       3   286.8
    2009       3       4   284.7
    2009       3       5   283.4
    2009       3       6   283.6
    2009       3       7   286.7
    2009       3       8   288.4
    2009       3       9   288.6
    2009       3      10   287.2
    2009       3      11   289.3
    2009       3      12   286.9
    2009       3      13   287.7
    2009       3      14   291.9
    2009       3      15   290.4
    2009       3      16   287.5
    2009       3      17   284.3
    2009       3      18   285.5
    2009       3      19   287.9
    2009       3      20   290.2
    2009       3      21     287
    2009       3      22   284.8
    2009       3      23     286
    2009       3      24   288.8
    2009       3      25   288.6
    2009       3      26   290.3
    2009       3      27     291
    2009       3      28   291.1
    2009       3      29   285.6
    2009       3      30   283.4
    2009       3      31   283.6
    2009       4       1   285.5
    2009       4       2   285.7
    2009       4       3     286
    2009       4       4   287.8
    2009       4       5   289.3
    2009       4       6   291.3
    2009       4       7   288.9
    2009       4       8   285.5
    2009       4       9   287.6
    2009       4      10   287.1
    2009       4      11   284.3
    2009       4      12   285.1
    2009       4      13   287.6
    2009       4      14   289.9
    2009       4      15   289.1
    2009       4      16   286.8
    2009       4      17   286.7
    2009       4      18     287
    2009       4      19   286.3
    2009       4      20   288.2
    2009       4      21   288.4
    2009       4      22   289.3
    2009       4      23   290.8
    2009       4      24   293.7
    2009       4      25   294.3
    2009       4      26   287.3
    2009       4      27   287.5
    2009       4      28   289.5
    2009       4      29   289.8
    2009       4      30   291.1
    2009       5       1   288.2
    2009       5       2   289.1
    2009       5       3   290.9
    2009       5       4   292.1
    2009       5       5   291.4
    2009       5       6   291.3
    2009       5       7     294
    2009       5       8   295.5
    2009       5       9   295.9
    2009       5      10   295.6
    2009       5      11   296.9
    2009       5      12   295.9
    2009       5      13   292.6
    2009       5      14   291.6
    2009       5      15   291.8
    2009       5      16   293.2
    2009       5      17   295.1
    2009       5      18   296.7
    2009       5      19   297.1
    2009       5      20   298.9
    2009       5      21   301.2
    2009       5      22   300.5
    2009       5      23   298.4
    2009       5      24   294.2
    2009       5      25   293.8
    2009       5      26   294.5
    2009       5      27   292.6
    2009       5      28   292.2
    2009       5      29   294.2
    2009       5      30   296.8
    2009       5      31   296.3
    2009       6       1   297.4
    2009       6       2   298.6
    2009       6       3   298.5
    2009       6       4   298.3
    2009       6       5   295.3
    2009       6       6     293
    2009       6       7   292.9
    2009       6       8   294.1
    2009       6       9   294.1
    2009       6      10   296.8
    2009       6      11   301.1
    2009       6      12   300.3
    2009       6      13   302.5
    2009       6      14   304.5
    2009       6      15   303.5
    2009       6      16   301.8
    2009       6      17   300.4
    2009       6      18   300.9
    2009       6      19   303.2
    2009       6      20   301.8
    2009       6      21   297.6
    2009       6      22   297.7
    2009       6      23   299.9
    2009       6      24   301.1
    2009       6      25   300.1
    2009       6      26     298
    2009       6      27   299.9
    2009       6      28   299.5
    2009       6      29   300.6
    2009       6      30   301.9
    2009       7       1   302.9
    2009       7       2   304.2
    2009       7       3   305.3
    2009       7       4   306.2
    2009       7       5   304.4
    2009       7       6     304
    2009       7       7   302.5
    2009       7       8   299.6
    2009       7       9     299
    2009       7      10   299.5
    2009       7      11   300.6
    2009       7      12   302.7
    2009       7      13   304.3
    2009       7      14     303
    2009       7      15   302.3
    2009       7      16   302.9
    2009       7      17   302.9
    2009       7      18   298.6
    2009       7      19   297.5
    2009       7      20   300.8
    2009       7      21   303.8
    2009       7      22     307
    2009       7      23   306.8
    2009       7      24   307.7
    2009       7      25   303.4
    2009       7      26     303
    2009       7      27     305
    2009       7      28     305
    2009       7      29   304.4
    2009       7      30   304.7
    2009       7      31   302.5
    2009       8       1   302.7
    2009       8       2   302.9
    2009       8       3   302.4
    2009       8       4   301.1
    2009       8       5   302.5
    2009       8       6   304.2
    2009       8       7   302.5
    2009       8       8   300.6
    2009       8       9   300.3
    2009       8      10   300.2
    2009       8      11   301.2
    2009       8      12   300.9
    2009       8      13   299.6
    2009       8      14   299.8
    2009       8      15   299.9
    2009       8      16   299.9
    2009       8      17   300.6
    2009       8      18   301.6
    2009       8      19   302.6
    2009       8      20   301.6
    2009       8      21   301.7
    2009       8      22   302.1
    2009       8      23   302.4
    2009       8      24   302.8
    2009       8      25   301.9
    2009       8      26   301.1
    2009       8      27   301.5
    2009       8      28   300.7
    2009       8      29   299.3
    2009       8      30   299.8
    2009       8      31   300.4
    2009       9       1   302.3
    2009       9       2   301.7
    2009       9       3   301.9
    2009       9       4   303.4
    2009       9       5   300.5
    2009       9       6   298.5
    2009       9       7   298.6
    2009       9       8   297.2
    2009       9       9   296.6
    2009       9      10   296.5
    2009       9      11   297.2
    2009       9      12   296.3
    2009       9      13   296.5
    2009       9      14   295.6
    2009       9      15   293.2
    2009       9      16   292.7
    2009       9      17   294.4
    2009       9      18   292.4
    2009       9      19   294.2
    2009       9      20   295.3
    2009       9      21   294.1
    2009       9      22   292.9
    2009       9      23   293.6
    2009       9      24   293.9
    2009       9      25   295.8
    2009       9      26     295
    2009       9      27   295.1
    2009       9      28   294.2
    2009       9      29   293.7
    2009       9      30   294.5
    2009      10       1     294
    2009      10       2     295
    2009      10       3   295.6
    2009      10       4   296.9
    2009      10       5   298.7
    2009      10       6   299.4
    2009      10       7   299.5
    2009      10       8   298.8
    2009      10       9   297.9
    2009      10      10   296.7
    2009      10      11     295
    2009      10      12   295.2
    2009      10      13   294.4
    2009      10      14   293.6
    2009      10      15   293.2
    2009      10      16   290.2
    2009      10      17   290.8
    2009      10      18   291.3
    2009      10      19   290.5
    2009      10      20   292.6
    2009      10      21   292.7
    2009      10      22   292.7
    2009      10      23   291.8
    2009      10      24   294.5
    2009      10      25   294.4
    2009      10      26   293.9
    2009      10      27   293.6
    2009      10      28   292.7
    2009      10      29   294.6
    2009      10      30     296
    2009      10      31   296.3
    2009      11       1   294.4
    2009      11       2   294.8
    2009      11       3   292.2
    2009      11       4   293.3
    2009      11       5   289.4
    2009      11       6   288.3
    2009      11       7   291.5
    2009      11       8   288.3
    2009      11       9   288.5
    2009      11      10   288.3
    2009      11      11   291.7
    2009      11      12   292.6
    2009      11      13   292.1
    2009      11      14   292.8
    2009      11      15   294.5
    2009      11      16   294.4
    2009      11      17   293.7
    2009      11      18   293.1
    2009      11      19   290.9
    2009      11      20   290.1
    2009      11      21   290.3
    2009      11      22     291
    2009      11      23   288.1
    2009      11      24     289
    2009      11      25   289.9
    2009      11      26   290.1
    2009      11      27   289.8
    2009      11      28     287
    2009      11      29   288.7
    2009      11      30   284.9
    2009      12       1   283.8
    2009      12       2   287.2
    2009      12       3   287.8
    2009      12       4   286.1
    2009      12       5     286
    2009      12       6   286.9
    2009      12       7     288
    2009      12       8   288.2
    2009      12       9   287.2
    2009      12      10   286.7
    2009      12      11   288.3
    2009      12      12   287.2
    2009      12      13   285.5
    2009      12      14     284
    2009      12      15   279.9
    2009      12      16   282.4
    2009      12      17   289.2
    2009      12      18   286.7
    2009      12      19   283.1
    2009      12      20   278.6
    2009      12      21   286.4
    2009      12      22   291.2
    2009      12      23   290.6
    2009      12      24   292.5
    2009      12      25     290
    2009      12      26   290.2
    2009      12      27   284.4
    2009      12      28   287.7
    2009      12      29   292.9
    2009      12      30   292.1
    2009      12      31     289
    2010       1       1   285.6
    2010       1       2   285.6
    2010       1       3   286.3
    2010       1       4     288
    2010       1       5   288.6
    2010       1       6     285
    2010       1       7   285.9
    2010       1       8   279.9
    2010       1       9   277.4
    2010       1      10     279
    2010       1      11   283.1
    2010       1      12   284.7
    2010       1      13   284.9
    2010       1      14     288
    2010       1      15   284.3
    2010       1      16   286.4
    2010       1      17   288.9
    2010       1      18   288.7
    2010       1      19   288.6
    2010       1      20   287.1
    2010       1      21   285.5
    2010       1      22   286.2
    2010       1      23   285.8
    2010       1      24   285.4
    2010       1      25   284.2
    2010       1      26   284.5
    2010       1      27   281.9
    2010       1      28   282.4
    2010       1      29   283.2
    2010       1      30   284.7
    2010       1      31   285.1
    2010       2       1     283
    2010       2       2   282.8
    2010       2       3   284.3
    2010       2       4   288.4
    2010       2       5   288.2
    2010       2       6   286.7
    2010       2       7   287.5
    2010       2       8   287.5
    2010       2       9     285
    2010       2      10   283.5
    2010       2      11   281.8
    2010       2      12   279.4
    2010       2      13   281.3
    2010       2      14   280.1
    2010       2      15   283.4
    2010       2      16   286.2
    2010       2      17   287.9
    2010       2      18   287.1
    2010       2      19   285.9
    2010       2      20   283.2
    2010       2      21   285.2
    2010       2      22   288.8
    2010       2      23   288.9
    2010       2      24   288.8
    2010       2      25   289.1
    2010       2      26   290.6
    2010       2      27     292
    2010       2      28     290
    2010       3       1   286.9
    2010       3       2   287.7
    2010       3       3   287.5
    2010       3       4   287.6
    2010       3       5   287.3
    2010       3       6   284.9
    2010       3       7   283.7
    2010       3       8   284.2
    2010       3       9   280.7
    2010       3      10   280.2
    2010       3      11     282
    2010       3      12   282.3
    2010       3      13     281
    2010       3      14   281.7
    2010       3      15   283.1
    2010       3      16   285.5
    2010       3      17   286.3
    2010       3      18   288.3
    2010       3      19   290.5
    2010       3      20   292.7
    2010       3      21   290.5
    2010       3      22     288
    2010       3      23   288.1
    2010       3      24   288.3
    2010       3      25   288.7
    2010       3      26   287.5
    2010       3      27   287.3
    2010       3      28   288.7
    2010       3      29   290.4
    2010       3      30     289
    2010       3      31   286.5
    2010       4       1   285.8
    2010       4       2   287.4
    2010       4       3   289.9
    2010       4       4   286.3
    2010       4       5   285.4
    2010       4       6   289.6
    2010       4       7     289
    2010       4       8   285.8
    2010       4       9   285.3
    2010       4      10   286.9
    2010       4      11   288.8
    2010       4      12   289.1
    2010       4      13   288.2
    2010       4      14   288.5
    2010       4      15   287.8
    2010       4      16   287.9
    2010       4      17   287.5
    2010       4      18   287.7
    2010       4      19   289.5
    2010       4      20   291.2
    2010       4      21   291.5
    2010       4      22   289.2
    2010       4      23   289.2
    2010       4      24   291.1
    2010       4      25     292
    2010       4      26   293.1
    2010       4      27   294.6
    2010       4      28   293.4
    2010       4      29   293.6
    2010       4      30   295.7
    2010       5       1     295
    2010       5       2   292.7
    2010       5       3   290.4
    2010       5       4   285.3
    2010       5       5     287
    2010       5       6   288.7
    2010       5       7   289.9
    2010       5       8   291.6
    2010       5       9   294.1
    2010       5      10   292.2
    2010       5      11   292.2
    2010       5      12   290.3
    2010       5      13     289
    2010       5      14   286.7
    2010       5      15   289.5
    2010       5      16   290.5
    2010       5      17   289.3
    2010       5      18   290.9
    2010       5      19   292.9
    2010       5      20     291
    2010       5      21   292.2
    2010       5      22   292.6
    2010       5      23   291.1
    2010       5      24   292.6
    2010       5      25   295.7
    2010       5      26     297
    2010       5      27   296.3
    2010       5      28   292.3
    2010       5      29   292.5
    2010       5      30   295.9
    2010       5      31   298.7
    2010       6       1   299.8
    2010       6       2   300.2
    2010       6       3   298.7
    2010       6       4   298.6
    2010       6       5   298.4
    2010       6       6   299.1
    2010       6       7   296.8
    2010       6       8   297.8
    2010       6       9   296.3
    2010       6      10   294.4
    2010       6      11   292.9
    2010       6      12   293.5
    2010       6      13   293.2
    2010       6      14   293.1
    2010       6      15   291.5
    2010       6      16   292.9
    2010       6      17   293.6
    2010       6      18   294.4
    2010       6      19   294.8
    2010       6      20   295.2
    2010       6      21   294.1
    2010       6      22   294.9
    2010       6      23   296.2
    2010       6      24   297.6
    2010       6      25   297.8
    2010       6      26   297.2
    2010       6      27   297.3
    2010       6      28   297.4
    2010       6      29   298.3
    2010       6      30   299.6
    2010       7       1     301
    2010       7       2     301
    2010       7       3   299.1
    2010       7       4   301.4
    2010       7       5     301
    2010       7       6   299.6
    2010       7       7   300.6
    2010       7       8   303.1
    2010       7       9   303.9
    2010       7      10   302.6
    2010       7      11     302
    2010       7      12   301.9
    2010       7      13   302.7
    2010       7      14   303.5
    2010       7      15   303.3
    2010       7      16   303.9
    2010       7      17   303.3
    2010       7      18   301.1
    2010       7      19   301.8
    2010       7      20   301.5
    2010       7      21   302.7
    2010       7      22   303.4
    2010       7      23   302.2
    2010       7      24   299.7
    2010       7      25   299.6
    2010       7      26   299.2
    2010       7      27   298.4
    2010       7      28   299.4
    2010       7      29   301.5
    2010       7      30   300.9
    2010       7      31   300.6
    2010       8       1   301.7
    2010       8       2   302.6
    2010       8       3   300.7
    2010       8       4   298.9
    2010       8       5     301
    2010       8       6     300
    2010       8       7   299.8
    2010       8       8   299.9
    2010       8       9   302.7
    2010       8      10   303.5
    2010       8      11   304.7
    2010       8      12   304.9
    2010       8      13   300.6
    2010       8      14     297
    2010       8      15     299
    2010       8      16   299.3
    2010       8      17   297.2
    2010       8      18   298.7
    2010       8      19   299.2
    2010       8      20   299.7
    2010       8      21   300.5
    2010       8      22   300.9
    2010       8      23     303
    2010       8      24   304.3
    2010       8      25   303.6
    2010       8      26   303.1
    2010       8      27   306.6
    2010       8      28   305.2
    2010       8      29   300.3
    2010       8      30     299
    2010       8      31   297.7
    2010       9       1   299.1
    2010       9       2   298.4
    2010       9       3   296.6
    2010       9       4   297.3
    2010       9       5   299.3
    2010       9       6   301.3
    2010       9       7   299.8
    2010       9       8   297.6
    2010       9       9     297
    2010       9      10   295.9
    2010       9      11   297.1
    2010       9      12   298.4
    2010       9      13   298.2
    2010       9      14   298.6
    2010       9      15   297.6
    2010       9      16   298.6
    2010       9      17   298.6
    2010       9      18   297.3
    2010       9      19   297.3
    2010       9      20   297.3
    2010       9      21   296.8
    2010       9      22   296.8
    2010       9      23   297.5
    2010       9      24   297.8
    2010       9      25   295.8
    2010       9      26   294.2
    2010       9      27   294.3
    2010       9      28   293.7
    2010       9      29   295.7
    2010       9      30     298
    2010      10       1   297.9
    2010      10       2   298.8
    2010      10       3   297.6
    2010      10       4   296.9
    2010      10       5   295.1
    2010      10       6   296.8
    2010      10       7     298
    2010      10       8   296.9
    2010      10       9   297.3
    2010      10      10   292.8
    2010      10      11   290.9
    2010      10      12   290.4
    2010      10      13   291.9
    2010      10      14   293.5
    2010      10      15   292.7
    2010      10      16   291.6
    2010      10      17   290.2
    2010      10      18   289.7
    2010      10      19   288.3
    2010      10      20   290.4
    2010      10      21   291.2
    2010      10      22   292.1
    2010      10      23   293.1
    2010      10      24   292.9
    2010      10      25   291.3
    2010      10      26   287.9
    2010      10      27   289.3
    2010      10      28     293
    2010      10      29   292.7
    2010      10      30   292.2
    2010      10      31   292.2
    2010      11       1   289.5
    2010      11       2   290.9
    2010      11       3   290.7
    2010      11       4   290.1
    2010      11       5   289.5
    2010      11       6     289
    2010      11       7     290
    2010      11       8   288.3
    2010      11       9   291.2
    2010      11      10   288.5
    2010      11      11   286.6
    2010      11      12   289.3
    2010      11      13   290.5
    2010      11      14   290.1
    2010      11      15   287.2
    2010      11      16   286.4
    2010      11      17   286.2
    2010      11      18     286
    2010      11      19     287
    2010      11      20   288.4
    2010      11      21   287.2
    2010      11      22   285.7
    2010      11      23   285.5
    2010      11      24   286.5
    2010      11      25   286.7
    2010      11      26   285.7
    2010      11      27   286.2
    2010      11      28   284.9
    2010      11      29   285.7
    2010      11      30   290.1
    2010      12       1   285.5
    2010      12       2   283.8
    2010      12       3   281.7
    2010      12       4   281.4
    2010      12       5   285.9
    2010      12       6   291.7
    2010      12       7   292.9
    2010      12       8   293.3
    2010      12       9   293.4
    2010      12      10   287.5
    2010      12      11   286.7
    2010      12      12   288.1
    2010      12      13   288.3
    2010      12      14     286
    2010      12      15   280.6
    2010      12      16   278.3
    2010      12      17   281.6
    2010      12      18   288.5
    2010      12      19   289.8
    2010      12      20   286.1
    2010      12      21   288.2
    2010      12      22   290.7
    2010      12      23   287.9
    2010      12      24   282.7
    2010      12      25   281.1
    2010      12      26   280.7
    2010      12      27   281.4
    2010      12      28   285.2
    2010      12      29   286.6
    2010      12      30   286.1
    2010      12      31   285.4
